"id_malha";"UF";"Contrato";"Ano";"Mes";"Panela";"Remendo";"Trincamento";"Rocada";"Drenagem";"Sinalizacao_Vertical";"Sinalizacao_Horizontal";"Rodovia";"km";"Sentido";"Km_Inicial";"Km_Final";"Num_Faixas";"Superfície";"Data Aval.";"IP";"IC";"ICM";"ICM_Unificado"
"17475";"RR";"""26 00650/2025""";"2026";"3";"Alta";"ND";"Baixa";"Ruim";"ND";"Bom";"Bom";"BR-210";"89";"D";"90";"89";"1";"Pavimentada";"2026-03-18";"55";"42.5";"51,25";"51.25"
"17475";"RR";"""26 00650/2025""";"2026";"3";"Alta";"ND";"Baixa";"Ruim";"ND";"Bom";"Bom";"BR-210";"89";"C";"89";"90";"1";"Pavimentada";"2026-03-18";"55";"42.5";"51,25";"51.25"
"17475";"RR";"""26 00650/2025""";"2026";"3";"Alta";"Baixa";"Baixa";"Ruim";"ND";"Bom";"Bom";"BR-210";"90";"C";"90";"91";"1";"Pavimentada";"2026-03-18";"62.5";"42.5";"56,5";"56.5"
"17475";"RR";"""26 00650/2025""";"2026";"3";"Baixa";"ND";"Baixa";"Ruim";"ND";"Bom";"Bom";"BR-210";"90";"D";"91";"90";"1";"Pavimentada";"2026-03-18";"17.5";"42.5";"25";"56.5"
"17475";"RR";"""26 00650/2025""";"2026";"3";"Alta";"ND";"Baixa";"Ruim";"ND";"Bom";"Bom";"BR-210";"91";"D";"92";"91";"1";"Pavimentada";"2026-03-18";"55";"42.5";"51,25";"51.25"
"17475";"RR";"""26 00650/2025""";"2026";"3";"Alta";"ND";"Baixa";"Ruim";"ND";"Bom";"Bom";"BR-210";"91";"C";"91";"92";"1";"Pavimentada";"2026-03-18";"55";"42.5";"51,25";"51.25"
"17475";"RR";"""26 00650/2025""";"2026";"3";"Alta";"Alta";"Baixa";"Bom";"ND";"Bom";"Bom";"BR-210";"92";"C";"92";"93";"1";"Pavimentada";"2026-03-18";"85";"20";"65,5";"65.5"
"17475";"RR";"""26 00650/2025""";"2026";"3";"Alta";"Média";"Baixa";"Bom";"Bom";"Bom";"Bom";"BR-210";"92";"D";"93";"92";"1";"Pavimentada";"2026-03-18";"70";"25";"56,5";"65.5"
"17475";"RR";"""26 00650/2025""";"2026";"3";"Alta";"Baixa";"Baixa";"Bom";"Regular";"Ruim";"Ruim";"BR-210";"93";"D";"94";"93";"1";"Pavimentada";"2026-03-18";"62.5";"67.5";"64";"64"
"17475";"RR";"""26 00650/2025""";"2026";"3";"Alta";"Média";"Baixa";"Bom";"Bom";"Bom";"Bom";"BR-210";"93";"C";"93";"94";"1";"Pavimentada";"2026-03-18";"70";"25";"56,5";"64"
"17475";"RR";"""26 00650/2025""";"2026";"3";"ND";"Alta";"Baixa";"Bom";"ND";"Ruim";"Ruim";"BR-210";"94";"C";"94";"95";"1";"Pavimentada";"2026-03-18";"35";"57.5";"41,75";"41.75"
"17475";"RR";"""26 00650/2025""";"2026";"3";"ND";"Alta";"ND";"Bom";"ND";"Ruim";"Ruim";"BR-210";"94";"D";"95";"94";"1";"Pavimentada";"2026-03-18";"30";"57.5";"38,25";"41.75"
"17475";"RR";"""26 00650/2025""";"2026";"3";"ND";"Alta";"Baixa";"Bom";"ND";"Ruim";"Ruim";"BR-210";"95";"D";"96";"95";"1";"Pavimentada";"2026-03-18";"35";"57.5";"41,75";"41.75"
"17475";"RR";"""26 00650/2025""";"2026";"3";"ND";"Alta";"Baixa";"Bom";"ND";"Bom";"Bom";"BR-210";"95";"C";"95";"96";"1";"Pavimentada";"2026-03-18";"35";"20";"30,5";"41.75"
"17475";"RR";"""26 00650/2025""";"2026";"3";"Baixa";"Alta";"Baixa";"Bom";"ND";"Ruim";"Ruim";"BR-210";"96";"C";"96";"97";"1";"Pavimentada";"2026-03-18";"47.5";"57.5";"50,5";"59.25"
"17475";"RR";"""26 00650/2025""";"2026";"3";"Média";"Alta";"Baixa";"Bom";"ND";"Ruim";"Ruim";"BR-210";"96";"D";"97";"96";"1";"Pavimentada";"2026-03-18";"60";"57.5";"59,25";"59.25"
"17475";"RR";"""26 00650/2025""";"2026";"3";"ND";"ND";"ND";"Bom";"ND";"Ruim";"Ruim";"BR-210";"97";"D";"98";"97";"1";"Pavimentada";"2026-03-18";"0";"57.5";"17,25";"27"
"17475";"RR";"""26 00650/2025""";"2026";"3";"Média";"ND";"Baixa";"Bom";"ND";"Bom";"Bom";"BR-210";"97";"C";"97";"98";"1";"Pavimentada";"2026-03-18";"30";"20";"27";"27"
"17475";"RR";"""26 00650/2025""";"2026";"3";"Média";"Baixa";"ND";"Bom";"ND";"Bom";"Bom";"BR-210";"98";"C";"98";"99";"1";"Pavimentada";"2026-03-18";"32.5";"20";"28,75";"44.25"
"17475";"RR";"""26 00650/2025""";"2026";"3";"Média";"Média";"Baixa";"Ruim";"ND";"Bom";"Bom";"BR-210";"98";"D";"99";"98";"1";"Pavimentada";"2026-03-18";"45";"42.5";"44,25";"44.25"
"17475";"RR";"""26 00650/2025""";"2026";"3";"Alta";"Média";"Baixa";"Bom";"ND";"Ruim";"Ruim";"BR-210";"99";"D";"100";"99";"1";"Pavimentada";"2026-03-18";"70";"57.5";"66,25";"66.25"
"17475";"RR";"""26 00650/2025""";"2026";"3";"Alta";"Baixa";"Baixa";"Bom";"ND";"Bom";"Bom";"BR-210";"99";"C";"99";"100";"1";"Pavimentada";"2026-03-18";"62.5";"20";"49,75";"66.25"
"17475";"RR";"""26 00650/2025""";"2026";"3";"ND";"Média";"ND";"Bom";"ND";"Ruim";"Ruim";"BR-210";"100";"C";"100";"101";"1";"Pavimentada";"2026-03-18";"15";"57.5";"27,75";"27.75"
"17475";"RR";"""26 00650/2025""";"2026";"3";"ND";"Baixa";"Baixa";"Bom";"ND";"Ruim";"Ruim";"BR-210";"100";"D";"101";"100";"1";"Pavimentada";"2026-03-18";"12.5";"57.5";"26";"27.75"
"17475";"RR";"""26 00650/2025""";"2026";"3";"Média";"Alta";"Baixa";"Bom";"ND";"Ruim";"Ruim";"BR-210";"101";"D";"102";"101";"1";"Pavimentada";"2026-03-18";"60";"57.5";"59,25";"59.25"
"17475";"RR";"""26 00650/2025""";"2026";"3";"Baixa";"Média";"Baixa";"Bom";"ND";"Ruim";"Ruim";"BR-210";"101";"C";"101";"102";"1";"Pavimentada";"2026-03-18";"32.5";"57.5";"40";"59.25"
"17475";"RR";"""26 00650/2025""";"2026";"3";"Baixa";"Alta";"Baixa";"Ruim";"ND";"Ruim";"Ruim";"BR-210";"102";"C";"102";"103";"1";"Pavimentada";"2026-03-18";"47.5";"80";"57,25";"59.25"
"17475";"RR";"""26 00650/2025""";"2026";"3";"Média";"Alta";"Baixa";"Bom";"ND";"Ruim";"Ruim";"BR-210";"102";"D";"103";"102";"1";"Pavimentada";"2026-03-18";"60";"57.5";"59,25";"59.25"
"17475";"RR";"""26 00650/2025""";"2026";"3";"Alta";"Baixa";"Baixa";"Bom";"ND";"Ruim";"Ruim";"BR-210";"103";"D";"104";"103";"1";"Pavimentada";"2026-03-18";"62.5";"57.5";"61";"62"
"17475";"RR";"""26 00650/2025""";"2026";"3";"Alta";"Alta";"ND";"Bom";"ND";"Bom";"Bom";"BR-210";"103";"C";"103";"104";"1";"Pavimentada";"2026-03-18";"80";"20";"62";"62"
"17475";"RR";"""26 00650/2025""";"2026";"3";"Alta";"Alta";"ND";"Bom";"ND";"Bom";"Bom";"BR-210";"104";"C";"104";"105";"1";"Pavimentada";"2026-03-18";"80";"20";"62";"66.25"
"17475";"RR";"""26 00650/2025""";"2026";"3";"Alta";"Média";"Baixa";"Bom";"ND";"Ruim";"Ruim";"BR-210";"104";"D";"105";"104";"1";"Pavimentada";"2026-03-18";"70";"57.5";"66,25";"66.25"
"17475";"RR";"""26 00650/2025""";"2026";"3";"Alta";"Alta";"Baixa";"Bom";"ND";"Ruim";"Ruim";"BR-210";"105";"D";"106";"105";"1";"Pavimentada";"2026-03-18";"85";"57.5";"76,75";"76.75"
"17475";"RR";"""26 00650/2025""";"2026";"3";"Alta";"Alta";"Baixa";"Bom";"ND";"Bom";"Bom";"BR-210";"105";"C";"105";"106";"1";"Pavimentada";"2026-03-18";"85";"20";"65,5";"76.75"
"17475";"RR";"""26 00650/2025""";"2026";"3";"Alta";"Alta";"Baixa";"Bom";"ND";"Bom";"Bom";"BR-210";"106";"C";"106";"107";"1";"Pavimentada";"2026-03-18";"85";"20";"65,5";"80"
"17475";"RR";"""26 00650/2025""";"2026";"3";"Alta";"Alta";"ND";"Ruim";"ND";"Ruim";"Ruim";"BR-210";"106";"D";"107";"106";"1";"Pavimentada";"2026-03-18";"80";"80";"80";"80"
"17475";"RR";"""26 00650/2025""";"2026";"3";"Alta";"ND";"Baixa";"Bom";"ND";"Ruim";"Ruim";"BR-210";"107";"D";"108";"107";"1";"Pavimentada";"2026-03-18";"55";"57.5";"55,75";"65.5"
"17475";"RR";"""26 00650/2025""";"2026";"3";"Alta";"Alta";"Baixa";"Bom";"ND";"Bom";"Bom";"BR-210";"107";"C";"107";"108";"1";"Pavimentada";"2026-03-18";"85";"20";"65,5";"65.5"
"17475";"RR";"""26 00650/2025""";"2026";"3";"Média";"Alta";"Baixa";"Bom";"ND";"Bom";"Bom";"BR-210";"108";"C";"108";"109";"1";"Pavimentada";"2026-03-18";"60";"20";"48";"66.25"
"17475";"RR";"""26 00650/2025""";"2026";"3";"Alta";"Média";"Baixa";"Bom";"ND";"Ruim";"Ruim";"BR-210";"108";"D";"109";"108";"1";"Pavimentada";"2026-03-18";"70";"57.5";"66,25";"66.25"
"17475";"RR";"""26 00650/2025""";"2026";"3";"Baixa";"Média";"Baixa";"Bom";"ND";"Ruim";"Ruim";"BR-210";"109";"D";"110";"109";"1";"Pavimentada";"2026-03-18";"32.5";"57.5";"40";"40"
"17475";"RR";"""26 00650/2025""";"2026";"3";"ND";"Alta";"ND";"Bom";"ND";"Ruim";"Ruim";"BR-210";"109";"C";"109";"110";"1";"Pavimentada";"2026-03-18";"30";"57.5";"38,25";"40"
"17475";"RR";"""26 00650/2025""";"2026";"3";"Baixa";"Média";"ND";"Bom";"ND";"Bom";"Bom";"BR-210";"110";"C";"110";"111";"1";"Pavimentada";"2026-03-18";"27.5";"20";"25,25";"37.5"
"17475";"RR";"""26 00650/2025""";"2026";"3";"Média";"Média";"Baixa";"Bom";"ND";"Bom";"Bom";"BR-210";"110";"D";"111";"110";"1";"Pavimentada";"2026-03-18";"45";"20";"37,5";"37.5"
"17475";"RR";"""26 00650/2025""";"2026";"3";"Alta";"Média";"Baixa";"Bom";"ND";"Bom";"Bom";"BR-210";"111";"D";"112";"111";"1";"Pavimentada";"2026-03-18";"70";"20";"55";"55.75"
"17475";"RR";"""26 00650/2025""";"2026";"3";"Alta";"ND";"Baixa";"Bom";"ND";"Ruim";"Ruim";"BR-210";"111";"C";"111";"112";"1";"Pavimentada";"2026-03-18";"55";"57.5";"55,75";"55.75"
"17475";"RR";"""26 00650/2025""";"2026";"3";"Média";"Alta";"Baixa";"Bom";"ND";"Bom";"Bom";"BR-210";"112";"C";"112";"113";"1";"Pavimentada";"2026-03-18";"60";"20";"48";"59.25"
"17475";"RR";"""26 00650/2025""";"2026";"3";"Média";"Alta";"Baixa";"Bom";"ND";"Ruim";"Ruim";"BR-210";"112";"D";"113";"112";"1";"Pavimentada";"2026-03-18";"60";"57.5";"59,25";"59.25"
"17475";"RR";"""26 00650/2025""";"2026";"3";"Alta";"Baixa";"Baixa";"Bom";"ND";"Ruim";"Ruim";"BR-210";"113";"D";"114";"113";"1";"Pavimentada";"2026-03-18";"62.5";"57.5";"61";"61"
"17475";"RR";"""26 00650/2025""";"2026";"3";"Alta";"Baixa";"Baixa";"Bom";"ND";"Bom";"Bom";"BR-210";"113";"C";"113";"114";"1";"Pavimentada";"2026-03-18";"62.5";"20";"49,75";"61"
"17475";"RR";"""26 00650/2025""";"2026";"3";"Baixa";"Baixa";"Baixa";"Bom";"ND";"Bom";"Bom";"BR-210";"114";"C";"114";"115";"1";"Pavimentada";"2026-03-18";"25";"20";"23,5";"43.5"
"17475";"RR";"""26 00650/2025""";"2026";"3";"Média";"Baixa";"Baixa";"Bom";"ND";"Ruim";"Ruim";"BR-210";"114";"D";"115";"114";"1";"Pavimentada";"2026-03-18";"37.5";"57.5";"43,5";"43.5"
"17475";"RR";"""26 00650/2025""";"2026";"3";"Alta";"Média";"Baixa";"Bom";"ND";"Ruim";"Ruim";"BR-210";"115";"D";"116";"115";"1";"Pavimentada";"2026-03-18";"70";"57.5";"66,25";"66.25"
"17475";"RR";"""26 00650/2025""";"2026";"3";"Alta";"Alta";"ND";"Bom";"ND";"Bom";"Bom";"BR-210";"115";"C";"115";"116";"1";"Pavimentada";"2026-03-18";"80";"20";"62";"66.25"
"17475";"RR";"""26 00650/2025""";"2026";"3";"Alta";"Média";"ND";"Bom";"ND";"Bom";"Bom";"BR-210";"116";"C";"116";"117";"1";"Pavimentada";"2026-03-18";"65";"20";"51,5";"73.25"
"17475";"RR";"""26 00650/2025""";"2026";"3";"Alta";"Alta";"ND";"Bom";"ND";"Ruim";"Ruim";"BR-210";"116";"D";"117";"116";"1";"Pavimentada";"2026-03-18";"80";"57.5";"73,25";"73.25"
"17475";"RR";"""26 00650/2025""";"2026";"3";"Média";"ND";"Baixa";"Ruim";"ND";"Bom";"Bom";"BR-210";"117";"D";"118";"117";"1";"Pavimentada";"2026-03-18";"30";"42.5";"33,75";"33.75"
"17475";"RR";"""26 00650/2025""";"2026";"3";"ND";"Baixa";"Baixa";"Bom";"ND";"Ruim";"Ruim";"BR-210";"117";"C";"117";"118";"1";"Pavimentada";"2026-03-18";"12.5";"57.5";"26";"33.75"
"17476";"RR";"""26 00650/2025""";"2026";"3";"Baixa";"ND";"ND";"Ruim";"ND";"Bom";"Bom";"BR-210";"118";"C";"118";"119";"2";"Pavimentada";"2026-03-18";"12.5";"42.5";"21,5";"21.5"
"17476";"RR";"""26 00650/2025""";"2026";"3";"Baixa";"ND";"ND";"Bom";"ND";"Ruim";"Ruim";"BR-210";"118";"D";"119";"118";"2";"Pavimentada";"2026-03-18";"12.5";"57.5";"26";"26"
"17477";"RR";"""26 00650/2025""";"2026";"3";"ND";"ND";"ND";"Bom";"Bom";"Bom";"Bom";"BR-210";"119";"C";"119";"120";"1";"Pavimentada";"2026-03-18";"0";"25";"7,5";"14.75"
"17477";"RR";"""26 00650/2025""";"2026";"3";"Baixa";"ND";"ND";"Bom";"ND";"Bom";"Bom";"BR-210";"119";"D";"120";"119";"1";"Pavimentada";"2026-03-18";"12.5";"20";"14,75";"14.75"
"17477";"RR";"""26 00650/2025""";"2026";"3";"Média";"ND";"Baixa";"Bom";"Bom";"Ruim";"Ruim";"BR-210";"120";"D";"121";"120";"1";"Pavimentada";"2026-03-18";"30";"62.5";"39,75";"39.75"
"17477";"RR";"""26 00650/2025""";"2026";"3";"Baixa";"Baixa";"ND";"Ruim";"Bom";"Bom";"Bom";"BR-210";"120";"C";"120";"121";"1";"Pavimentada";"2026-03-18";"20";"47.5";"28,25";"39.75"
"17477";"RR";"""26 00650/2025""";"2026";"3";"ND";"Alta";"Baixa";"Ruim";"ND";"Bom";"Bom";"BR-210";"121";"C";"121";"122";"1";"Pavimentada";"2026-03-18";"35";"42.5";"37,25";"37.25"
"17477";"RR";"""26 00650/2025""";"2026";"3";"Baixa";"Média";"ND";"Bom";"ND";"Ruim";"Ruim";"BR-210";"121";"D";"122";"121";"1";"Pavimentada";"2026-03-18";"27.5";"57.5";"36,5";"37.25"
"17477";"RR";"""26 00650/2025""";"2026";"3";"ND";"Alta";"ND";"Bom";"ND";"Bom";"Bom";"BR-210";"122";"D";"123";"122";"1";"Pavimentada";"2026-03-18";"30";"20";"27";"27"
"17477";"RR";"""26 00650/2025""";"2026";"3";"ND";"Alta";"ND";"Bom";"ND";"Bom";"Bom";"BR-210";"122";"C";"122";"123";"1";"Pavimentada";"2026-03-18";"30";"20";"27";"27"
"17477";"RR";"""26 00650/2025""";"2026";"3";"ND";"Alta";"ND";"Bom";"ND";"Bom";"Bom";"BR-210";"123";"C";"123";"124";"1";"Pavimentada";"2026-03-18";"30";"20";"27";"27"
"17477";"RR";"""26 00650/2025""";"2026";"3";"ND";"Baixa";"ND";"Bom";"ND";"Bom";"Bom";"BR-210";"123";"D";"124";"123";"1";"Pavimentada";"2026-03-18";"7.5";"20";"11,25";"27"
"17477";"RR";"""26 00650/2025""";"2026";"3";"Baixa";"Alta";"Baixa";"Bom";"Bom";"Bom";"Bom";"BR-210";"124";"D";"125";"124";"1";"Pavimentada";"2026-03-18";"47.5";"25";"40,75";"40.75"
"17477";"RR";"""26 00650/2025""";"2026";"3";"ND";"Alta";"ND";"Ruim";"ND";"Bom";"Bom";"BR-210";"124";"C";"124";"125";"1";"Pavimentada";"2026-03-18";"30";"42.5";"33,75";"40.75"
"17477";"RR";"""26 00650/2025""";"2026";"3";"ND";"Média";"ND";"Bom";"ND";"Ruim";"Ruim";"BR-210";"125";"C";"125";"126";"1";"Pavimentada";"2026-03-18";"15";"57.5";"27,75";"27.75"
"17477";"RR";"""26 00650/2025""";"2026";"3";"ND";"ND";"ND";"Bom";"ND";"Ruim";"Ruim";"BR-210";"125";"D";"126";"125";"1";"Pavimentada";"2026-03-18";"0";"57.5";"17,25";"27.75"
"17477";"RR";"""26 00650/2025""";"2026";"3";"Baixa";"Média";"Baixa";"Bom";"ND";"Ruim";"Ruim";"BR-210";"126";"D";"127";"126";"1";"Pavimentada";"2026-03-18";"32.5";"57.5";"40";"40"
"17477";"RR";"""26 00650/2025""";"2026";"3";"ND";"Média";"ND";"Bom";"ND";"Bom";"Bom";"BR-210";"126";"C";"126";"127";"1";"Pavimentada";"2026-03-18";"15";"20";"16,5";"40"
"17477";"RR";"""26 00650/2025""";"2026";"3";"Baixa";"Alta";"ND";"Ruim";"ND";"Bom";"Bom";"BR-210";"127";"C";"127";"128";"1";"Pavimentada";"2026-03-18";"42.5";"42.5";"42,5";"69.25"
"17477";"RR";"""26 00650/2025""";"2026";"3";"Alta";"Média";"Baixa";"Bom";"Regular";"Ruim";"Ruim";"BR-210";"127";"D";"128";"127";"1";"Pavimentada";"2026-03-18";"70";"67.5";"69,25";"69.25"
"17477";"RR";"""26 00650/2025""";"2026";"3";"Média";"Média";"Baixa";"Bom";"Bom";"Ruim";"Ruim";"BR-210";"128";"D";"129";"128";"1";"Pavimentada";"2026-03-18";"45";"62.5";"50,25";"55"
"17477";"RR";"""26 00650/2025""";"2026";"3";"Alta";"Média";"Baixa";"Bom";"ND";"Bom";"Bom";"BR-210";"128";"C";"128";"129";"1";"Pavimentada";"2026-03-18";"70";"20";"55";"55"
"17477";"RR";"""26 00650/2025""";"2026";"3";"Alta";"ND";"Baixa";"Ruim";"ND";"Bom";"Bom";"BR-210";"129";"C";"129";"130";"1";"Pavimentada";"2026-03-18";"55";"42.5";"51,25";"61"
"17477";"RR";"""26 00650/2025""";"2026";"3";"Alta";"Baixa";"Baixa";"Bom";"ND";"Ruim";"Ruim";"BR-210";"129";"D";"130";"129";"1";"Pavimentada";"2026-03-18";"62.5";"57.5";"61";"61"
"17477";"RR";"""26 00650/2025""";"2026";"3";"Média";"Média";"Baixa";"Bom";"ND";"Ruim";"Ruim";"BR-210";"130";"D";"131";"130";"1";"Pavimentada";"2026-03-18";"45";"57.5";"48,75";"48.75"
"17477";"RR";"""26 00650/2025""";"2026";"3";"Baixa";"Baixa";"Baixa";"Bom";"ND";"Bom";"Bom";"BR-210";"130";"C";"130";"131";"1";"Pavimentada";"2026-03-18";"25";"20";"23,5";"48.75"
"17477";"RR";"""26 00650/2025""";"2026";"3";"Baixa";"Média";"ND";"Ruim";"ND";"Bom";"Bom";"BR-210";"131";"C";"131";"132";"1";"Pavimentada";"2026-03-18";"27.5";"42.5";"32";"32"
"17477";"RR";"""26 00650/2025""";"2026";"3";"ND";"Baixa";"ND";"Bom";"ND";"Bom";"Bom";"BR-210";"131";"D";"132";"131";"1";"Pavimentada";"2026-03-18";"7.5";"20";"11,25";"32"
"17477";"RR";"""26 00650/2025""";"2026";"3";"ND";"ND";"Baixa";"Ruim";"ND";"Ruim";"Ruim";"BR-210";"132";"D";"133";"132";"1";"Pavimentada";"2026-03-18";"5";"80";"27,5";"27.5"
"17477";"RR";"""26 00650/2025""";"2026";"3";"ND";"ND";"ND";"Ruim";"Bom";"Bom";"Bom";"BR-210";"132";"C";"132";"133";"1";"Pavimentada";"2026-03-18";"0";"47.5";"14,25";"27.5"
"17477";"RR";"""26 00650/2025""";"2026";"3";"Baixa";"Média";"Baixa";"Ruim";"ND";"Bom";"Bom";"BR-210";"133";"C";"133";"134";"1";"Pavimentada";"2026-03-18";"32.5";"42.5";"35,5";"62.25"
"17477";"RR";"""26 00650/2025""";"2026";"3";"Média";"Alta";"Baixa";"Bom";"Regular";"Ruim";"Ruim";"BR-210";"133";"D";"134";"133";"1";"Pavimentada";"2026-03-18";"60";"67.5";"62,25";"62.25"
"17477";"RR";"""26 00650/2025""";"2026";"3";"Baixa";"ND";"Baixa";"Bom";"Bom";"Bom";"Bom";"BR-210";"134";"D";"135";"134";"1";"Pavimentada";"2026-03-18";"17.5";"25";"19,75";"19.75"
"17477";"RR";"""26 00650/2025""";"2026";"3";"Baixa";"ND";"Baixa";"Bom";"Bom";"Bom";"Bom";"BR-210";"134";"C";"134";"135";"1";"Pavimentada";"2026-03-18";"17.5";"25";"19,75";"19.75"
"17477";"RR";"""26 00650/2025""";"2026";"3";"Média";"ND";"Baixa";"Bom";"Bom";"Bom";"Bom";"BR-210";"135";"C";"135";"136";"1";"Pavimentada";"2026-03-18";"30";"25";"28,5";"67"
"17477";"RR";"""26 00650/2025""";"2026";"3";"Alta";"Alta";"Baixa";"Bom";"Bom";"Bom";"Bom";"BR-210";"135";"D";"136";"135";"1";"Pavimentada";"2026-03-18";"85";"25";"67";"67"
"17477";"RR";"""26 00650/2025""";"2026";"3";"Alta";"Média";"Baixa";"Bom";"Bom";"Bom";"Bom";"BR-210";"136";"D";"137";"136";"1";"Pavimentada";"2026-03-18";"70";"25";"56,5";"56.5"
"17477";"RR";"""26 00650/2025""";"2026";"3";"Baixa";"ND";"ND";"Bom";"Bom";"Bom";"Bom";"BR-210";"136";"C";"136";"137";"1";"Pavimentada";"2026-03-18";"12.5";"25";"16,25";"56.5"
"17477";"RR";"""26 00650/2025""";"2026";"3";"Baixa";"ND";"Baixa";"Bom";"ND";"Bom";"Bom";"BR-210";"137";"C";"137";"138";"1";"Pavimentada";"2026-03-18";"17.5";"20";"18,25";"18.25"
"17477";"RR";"""26 00650/2025""";"2026";"3";"ND";"ND";"Baixa";"Ruim";"ND";"Bom";"Bom";"BR-210";"137";"D";"138";"137";"1";"Pavimentada";"2026-03-18";"5";"42.5";"16,25";"18.25"
"17477";"RR";"""26 00650/2025""";"2026";"3";"Baixa";"Baixa";"Baixa";"Bom";"Bom";"Bom";"Bom";"BR-210";"138";"D";"139";"138";"1";"Pavimentada";"2026-03-18";"25";"25";"25";"25"
"17477";"RR";"""26 00650/2025""";"2026";"3";"ND";"Média";"ND";"Bom";"Bom";"Bom";"Bom";"BR-210";"138";"C";"138";"139";"1";"Pavimentada";"2026-03-18";"15";"25";"18";"25"
"17477";"RR";"""26 00650/2025""";"2026";"3";"Baixa";"Alta";"ND";"Ruim";"Bom";"Bom";"Bom";"BR-210";"139";"C";"139";"140";"1";"Pavimentada";"2026-03-18";"42.5";"47.5";"44";"48"
"17477";"RR";"""26 00650/2025""";"2026";"3";"Média";"Alta";"Baixa";"Bom";"ND";"Bom";"Bom";"BR-210";"139";"D";"140";"139";"1";"Pavimentada";"2026-03-18";"60";"20";"48";"48"
"17477";"RR";"""26 00650/2025""";"2026";"3";"Média";"Baixa";"Baixa";"Bom";"ND";"Bom";"Bom";"BR-210";"140";"D";"141";"140";"1";"Pavimentada";"2026-03-18";"37.5";"20";"32,25";"32.25"
"17477";"RR";"""26 00650/2025""";"2026";"3";"ND";"Média";"ND";"Bom";"Bom";"Ruim";"Ruim";"BR-210";"140";"C";"140";"141";"1";"Pavimentada";"2026-03-18";"15";"62.5";"29,25";"32.25"
"17477";"RR";"""26 00650/2025""";"2026";"3";"ND";"ND";"ND";"Bom";"Bom";"Bom";"Bom";"BR-210";"141";"C";"141";"142";"1";"Pavimentada";"2026-03-18";"0";"25";"7,5";"14.75"
"17477";"RR";"""26 00650/2025""";"2026";"3";"ND";"Baixa";"Baixa";"Bom";"ND";"Bom";"Bom";"BR-210";"141";"D";"142";"141";"1";"Pavimentada";"2026-03-18";"12.5";"20";"14,75";"14.75"
"17477";"RR";"""26 00650/2025""";"2026";"3";"Média";"Média";"ND";"Ruim";"Bom";"Bom";"Bom";"BR-210";"142";"D";"143";"142";"1";"Pavimentada";"2026-03-18";"40";"47.5";"42,25";"42.25"
"17477";"RR";"""26 00650/2025""";"2026";"3";"Baixa";"ND";"ND";"Bom";"Bom";"Bom";"Bom";"BR-210";"142";"C";"142";"143";"1";"Pavimentada";"2026-03-18";"12.5";"25";"16,25";"42.25"
"17477";"RR";"""26 00650/2025""";"2026";"3";"Baixa";"Baixa";"ND";"Ruim";"Bom";"Bom";"Bom";"BR-210";"143";"C";"143";"144";"1";"Pavimentada";"2026-03-18";"20";"47.5";"28,25";"29"
"17477";"RR";"""26 00650/2025""";"2026";"3";"ND";"ND";"Baixa";"Ruim";"Bom";"Ruim";"Ruim";"BR-210";"143";"D";"144";"143";"1";"Pavimentada";"2026-03-18";"5";"85";"29";"29"
"17477";"RR";"""26 00650/2025""";"2026";"3";"Alta";"Baixa";"Baixa";"Ruim";"Bom";"Ruim";"Ruim";"BR-210";"144";"D";"145";"144";"1";"Pavimentada";"2026-03-18";"62.5";"85";"69,25";"69.25"
"17477";"RR";"""26 00650/2025""";"2026";"3";"Média";"Baixa";"Baixa";"Ruim";"Bom";"Bom";"Bom";"BR-210";"144";"C";"144";"145";"1";"Pavimentada";"2026-03-18";"37.5";"47.5";"40,5";"69.25"
"17477";"RR";"""26 00650/2025""";"2026";"3";"ND";"Média";"ND";"Ruim";"ND";"Bom";"Bom";"BR-210";"145";"C";"145";"146";"1";"Pavimentada";"2026-03-18";"15";"42.5";"23,25";"37.5"
"17477";"RR";"""26 00650/2025""";"2026";"3";"Média";"Média";"Baixa";"Bom";"ND";"Bom";"Bom";"BR-210";"145";"D";"146";"145";"1";"Pavimentada";"2026-03-18";"45";"20";"37,5";"37.5"
"17477";"RR";"""26 00650/2025""";"2026";"3";"Baixa";"Alta";"Baixa";"Bom";"Bom";"Ruim";"Ruim";"BR-210";"146";"D";"147";"146";"1";"Pavimentada";"2026-03-18";"47.5";"62.5";"52";"52"
"17477";"RR";"""26 00650/2025""";"2026";"3";"Baixa";"Média";"Baixa";"Bom";"Bom";"Bom";"Bom";"BR-210";"146";"C";"146";"147";"1";"Pavimentada";"2026-03-18";"32.5";"25";"30,25";"52"
"17477";"RR";"""26 00650/2025""";"2026";"3";"Alta";"Alta";"Baixa";"Bom";"ND";"Bom";"Bom";"BR-210";"147";"C";"147";"148";"1";"Pavimentada";"2026-03-18";"85";"20";"65,5";"85"
"17477";"RR";"""26 00650/2025""";"2026";"3";"Alta";"Alta";"Baixa";"Ruim";"Bom";"Ruim";"Ruim";"BR-210";"147";"D";"148";"147";"1";"Pavimentada";"2026-03-18";"85";"85";"85";"85"
"17477";"RR";"""26 00650/2025""";"2026";"3";"ND";"Baixa";"Baixa";"Ruim";"ND";"Ruim";"Ruim";"BR-210";"148";"D";"149";"148";"1";"Pavimentada";"2026-03-18";"12.5";"80";"32,75";"37"
"17477";"RR";"""26 00650/2025""";"2026";"3";"Baixa";"Média";"Baixa";"Ruim";"Bom";"Bom";"Bom";"BR-210";"148";"C";"148";"149";"1";"Pavimentada";"2026-03-18";"32.5";"47.5";"37";"37"
"17477";"RR";"""26 00650/2025""";"2026";"3";"Alta";"Média";"Baixa";"Ruim";"Bom";"Bom";"Bom";"BR-210";"149";"C";"149";"150";"1";"Pavimentada";"2026-03-18";"70";"47.5";"63,25";"64"
"17477";"RR";"""26 00650/2025""";"2026";"3";"Alta";"ND";"Baixa";"Ruim";"Bom";"Ruim";"Ruim";"BR-210";"149";"D";"150";"149";"1";"Pavimentada";"2026-03-18";"55";"85";"64";"64"
"17477";"RR";"""26 00650/2025""";"2026";"3";"ND";"ND";"ND";"Ruim";"Bom";"Ruim";"Ruim";"BR-210";"150";"D";"151";"150";"1";"Pavimentada";"2026-03-18";"0";"85";"25,5";"25.5"
"17477";"RR";"""26 00650/2025""";"2026";"3";"ND";"ND";"ND";"Ruim";"Bom";"Bom";"Bom";"BR-210";"150";"C";"150";"151";"1";"Pavimentada";"2026-03-18";"0";"47.5";"14,25";"25.5"
"17477";"RR";"""26 00650/2025""";"2026";"3";"Baixa";"Alta";"Baixa";"Bom";"Bom";"Bom";"Bom";"BR-210";"151";"C";"151";"152";"1";"Pavimentada";"2026-03-18";"47.5";"25";"40,75";"43.25"
"17477";"RR";"""26 00650/2025""";"2026";"3";"ND";"Alta";"Baixa";"Bom";"Bom";"Ruim";"Ruim";"BR-210";"151";"D";"152";"151";"1";"Pavimentada";"2026-03-18";"35";"62.5";"43,25";"43.25"
"17477";"RR";"""26 00650/2025""";"2026";"3";"Alta";"Alta";"Baixa";"Bom";"Bom";"Bom";"Bom";"BR-210";"152";"D";"153";"152";"1";"Pavimentada";"2026-03-18";"85";"25";"67";"67"
"17477";"RR";"""26 00650/2025""";"2026";"3";"ND";"Baixa";"Baixa";"Ruim";"Bom";"Bom";"Bom";"BR-210";"152";"C";"152";"153";"1";"Pavimentada";"2026-03-18";"12.5";"47.5";"23";"67"
"17477";"RR";"""26 00650/2025""";"2026";"3";"ND";"Alta";"ND";"Bom";"Bom";"Bom";"Bom";"BR-210";"153";"C";"153";"154";"1";"Pavimentada";"2026-03-18";"30";"25";"28,5";"40.5"
"17477";"RR";"""26 00650/2025""";"2026";"3";"Média";"Baixa";"Baixa";"Ruim";"Bom";"Bom";"Bom";"BR-210";"153";"D";"154";"153";"1";"Pavimentada";"2026-03-18";"37.5";"47.5";"40,5";"40.5"
"17477";"RR";"""26 00650/2025""";"2026";"3";"ND";"Baixa";"Baixa";"Ruim";"Bom";"Bom";"Bom";"BR-210";"154";"D";"155";"154";"1";"Pavimentada";"2026-03-18";"12.5";"47.5";"23";"45"
"17477";"RR";"""26 00650/2025""";"2026";"3";"ND";"Alta";"ND";"Ruim";"ND";"Ruim";"Ruim";"BR-210";"154";"C";"154";"155";"1";"Pavimentada";"2026-03-18";"30";"80";"45";"45"
"17477";"RR";"""26 00650/2025""";"2026";"3";"Baixa";"Baixa";"Baixa";"Ruim";"ND";"Ruim";"Ruim";"BR-210";"155";"C";"155";"156";"1";"Pavimentada";"2026-03-18";"25";"80";"41,5";"55.5"
"17477";"RR";"""26 00650/2025""";"2026";"3";"Média";"Média";"Baixa";"Ruim";"ND";"Ruim";"Ruim";"BR-210";"155";"D";"156";"155";"1";"Pavimentada";"2026-03-18";"45";"80";"55,5";"55.5"
"17477";"RR";"""26 00650/2025""";"2026";"3";"Baixa";"ND";"Baixa";"Ruim";"ND";"Bom";"Bom";"BR-210";"156";"D";"157";"156";"1";"Pavimentada";"2026-03-18";"17.5";"42.5";"25";"25"
"17477";"RR";"""26 00650/2025""";"2026";"3";"Baixa";"ND";"ND";"Ruim";"ND";"Bom";"Bom";"BR-210";"156";"C";"156";"157";"1";"Pavimentada";"2026-03-18";"12.5";"42.5";"21,5";"25"
"17477";"RR";"""26 00650/2025""";"2026";"3";"Baixa";"ND";"ND";"Ruim";"ND";"Bom";"Bom";"BR-210";"157";"C";"157";"158";"1";"Pavimentada";"2026-03-18";"12.5";"42.5";"21,5";"56.25"
"17477";"RR";"""26 00650/2025""";"2026";"3";"Média";"Alta";"Baixa";"Ruim";"Bom";"Bom";"Bom";"BR-210";"157";"D";"158";"157";"1";"Pavimentada";"2026-03-18";"60";"47.5";"56,25";"56.25"
"17477";"RR";"""26 00650/2025""";"2026";"3";"Baixa";"Alta";"Baixa";"Ruim";"ND";"Bom";"Bom";"BR-210";"158";"D";"159";"158";"1";"Pavimentada";"2026-03-18";"47.5";"42.5";"46";"46"
"17477";"RR";"""26 00650/2025""";"2026";"3";"Baixa";"Alta";"Baixa";"Bom";"ND";"Bom";"Bom";"BR-210";"158";"C";"158";"159";"1";"Pavimentada";"2026-03-18";"47.5";"20";"39,25";"46"
"17477";"RR";"""26 00650/2025""";"2026";"3";"Baixa";"Alta";"Baixa";"Bom";"Bom";"Ruim";"Ruim";"BR-210";"159";"C";"159";"160";"1";"Pavimentada";"2026-03-18";"47.5";"62.5";"52";"52"
"17477";"RR";"""26 00650/2025""";"2026";"3";"Baixa";"Alta";"Baixa";"Bom";"ND";"Ruim";"Ruim";"BR-210";"159";"D";"160";"159";"1";"Pavimentada";"2026-03-18";"47.5";"57.5";"50,5";"52"
"17477";"RR";"""26 00650/2025""";"2026";"3";"Média";"Alta";"Baixa";"Ruim";"Bom";"Bom";"Bom";"BR-210";"160";"D";"161";"160";"1";"Pavimentada";"2026-03-18";"60";"47.5";"56,25";"56.25"
"17477";"RR";"""26 00650/2025""";"2026";"3";"Média";"Alta";"Baixa";"Bom";"Bom";"Bom";"Bom";"BR-210";"160";"C";"160";"161";"1";"Pavimentada";"2026-03-18";"60";"25";"49,5";"56.25"
"17477";"RR";"""26 00650/2025""";"2026";"3";"ND";"Alta";"Baixa";"Ruim";"Bom";"Ruim";"Ruim";"BR-210";"161";"C";"161";"162";"1";"Pavimentada";"2026-03-18";"35";"85";"50";"50"
"17477";"RR";"""26 00650/2025""";"2026";"3";"ND";"Baixa";"Baixa";"Ruim";"Bom";"Bom";"Bom";"BR-210";"161";"D";"162";"161";"1";"Pavimentada";"2026-03-18";"12.5";"47.5";"23";"50"
"17477";"RR";"""26 00650/2025""";"2026";"3";"Baixa";"Alta";"Baixa";"Bom";"Bom";"Bom";"Bom";"BR-210";"162";"D";"163";"162";"1";"Pavimentada";"2026-03-18";"47.5";"25";"40,75";"40.75"
"17477";"RR";"""26 00650/2025""";"2026";"3";"ND";"Baixa";"Baixa";"Ruim";"Bom";"Ruim";"Ruim";"BR-210";"162";"C";"162";"163";"1";"Pavimentada";"2026-03-18";"12.5";"85";"34,25";"40.75"
"17477";"RR";"""26 00650/2025""";"2026";"3";"Baixa";"Baixa";"Baixa";"Ruim";"Bom";"Ruim";"Ruim";"BR-210";"163";"C";"163";"164";"1";"Pavimentada";"2026-03-18";"25";"85";"43";"47.5"
"17477";"RR";"""26 00650/2025""";"2026";"3";"Baixa";"Alta";"Baixa";"Ruim";"Bom";"Bom";"Bom";"BR-210";"163";"D";"164";"163";"1";"Pavimentada";"2026-03-18";"47.5";"47.5";"47,5";"47.5"
"17477";"RR";"""26 00650/2025""";"2026";"3";"Baixa";"ND";"Baixa";"Ruim";"Bom";"Bom";"Bom";"BR-210";"164";"D";"165";"164";"1";"Pavimentada";"2026-03-18";"17.5";"47.5";"26,5";"41.5"
"17477";"RR";"""26 00650/2025""";"2026";"3";"Baixa";"Baixa";"Baixa";"Ruim";"ND";"Ruim";"Ruim";"BR-210";"164";"C";"164";"165";"1";"Pavimentada";"2026-03-18";"25";"80";"41,5";"41.5"
"17477";"RR";"""26 00650/2025""";"2026";"3";"Baixa";"Alta";"Baixa";"Bom";"ND";"Ruim";"Ruim";"BR-210";"165";"C";"165";"166";"1";"Pavimentada";"2026-03-18";"47.5";"57.5";"50,5";"60.75"
"17477";"RR";"""26 00650/2025""";"2026";"3";"Média";"Alta";"Baixa";"Bom";"Bom";"Ruim";"Ruim";"BR-210";"165";"D";"166";"165";"1";"Pavimentada";"2026-03-18";"60";"62.5";"60,75";"60.75"
"17477";"RR";"""26 00650/2025""";"2026";"3";"Média";"Alta";"Baixa";"Bom";"Bom";"Bom";"Bom";"BR-210";"166";"D";"167";"166";"1";"Pavimentada";"2026-03-18";"60";"25";"49,5";"49.5"
"17477";"RR";"""26 00650/2025""";"2026";"3";"ND";"Alta";"Baixa";"Ruim";"Bom";"Bom";"Bom";"BR-210";"166";"C";"166";"167";"1";"Pavimentada";"2026-03-18";"35";"47.5";"38,75";"49.5"
"17477";"RR";"""26 00650/2025""";"2026";"3";"ND";"ND";"ND";"Bom";"Bom";"Bom";"Bom";"BR-210";"167";"C";"167";"168";"1";"Pavimentada";"2026-03-18";"0";"25";"7,5";"25"
"17477";"RR";"""26 00650/2025""";"2026";"3";"Baixa";"Baixa";"Baixa";"Bom";"Bom";"Bom";"Bom";"BR-210";"167";"D";"168";"167";"1";"Pavimentada";"2026-03-18";"25";"25";"25";"25"
"17477";"RR";"""26 00650/2025""";"2026";"3";"ND";"Média";"Baixa";"Bom";"Bom";"Bom";"Bom";"BR-210";"168";"D";"169";"168";"1";"Pavimentada";"2026-03-18";"20";"25";"21,5";"21.5"
"17477";"RR";"""26 00650/2025""";"2026";"3";"ND";"Baixa";"Baixa";"Bom";"Bom";"Bom";"Bom";"BR-210";"168";"C";"168";"169";"1";"Pavimentada";"2026-03-18";"12.5";"25";"16,25";"21.5"
"17477";"RR";"""26 00650/2025""";"2026";"3";"ND";"Alta";"ND";"Ruim";"ND";"Bom";"Bom";"BR-210";"169";"C";"169";"170";"1";"Pavimentada";"2026-03-18";"30";"42.5";"33,75";"33.75"
"17477";"RR";"""26 00650/2025""";"2026";"3";"ND";"Alta";"Baixa";"Bom";"ND";"Bom";"Bom";"BR-210";"169";"D";"170";"169";"1";"Pavimentada";"2026-03-18";"35";"20";"30,5";"33.75"
"17477";"RR";"""26 00650/2025""";"2026";"3";"ND";"Alta";"Baixa";"Ruim";"ND";"Bom";"Bom";"BR-210";"170";"D";"171";"170";"1";"Pavimentada";"2026-03-18";"35";"42.5";"37,25";"45"
"17477";"RR";"""26 00650/2025""";"2026";"3";"ND";"Alta";"ND";"Ruim";"ND";"Ruim";"Ruim";"BR-210";"170";"C";"170";"171";"1";"Pavimentada";"2026-03-18";"30";"80";"45";"45"
"17477";"RR";"""26 00650/2025""";"2026";"3";"Baixa";"Alta";"ND";"Bom";"ND";"Ruim";"Ruim";"BR-210";"171";"C";"171";"172";"1";"Pavimentada";"2026-03-18";"42.5";"57.5";"47";"47"
"17477";"RR";"""26 00650/2025""";"2026";"3";"ND";"Alta";"ND";"Ruim";"ND";"Bom";"Bom";"BR-210";"171";"D";"172";"171";"1";"Pavimentada";"2026-03-18";"30";"42.5";"33,75";"47"
"17477";"RR";"""26 00650/2025""";"2026";"3";"ND";"ND";"ND";"Bom";"ND";"Bom";"Bom";"BR-210";"172";"D";"173";"172";"1";"Pavimentada";"2026-03-18";"0";"20";"6";"38"
"17477";"RR";"""26 00650/2025""";"2026";"3";"ND";"Média";"Baixa";"Ruim";"ND";"Ruim";"Ruim";"BR-210";"172";"C";"172";"173";"1";"Pavimentada";"2026-03-18";"20";"80";"38";"38"
"17477";"RR";"""26 00650/2025""";"2026";"3";"ND";"Baixa";"ND";"Ruim";"ND";"Ruim";"Ruim";"BR-210";"173";"C";"173";"174";"1";"Pavimentada";"2026-03-18";"7.5";"80";"29,25";"29.25"
"17477";"RR";"""26 00650/2025""";"2026";"3";"ND";"Média";"ND";"Bom";"ND";"Bom";"Bom";"BR-210";"173";"D";"174";"173";"1";"Pavimentada";"2026-03-18";"15";"20";"16,5";"29.25"
"17477";"RR";"""26 00650/2025""";"2026";"3";"ND";"Alta";"ND";"Bom";"Bom";"Bom";"Bom";"BR-210";"174";"D";"175";"174";"1";"Pavimentada";"2026-03-18";"30";"25";"28,5";"50"
"17477";"RR";"""26 00650/2025""";"2026";"3";"ND";"Alta";"Baixa";"Ruim";"Bom";"Ruim";"Ruim";"BR-210";"174";"C";"174";"175";"1";"Pavimentada";"2026-03-18";"35";"85";"50";"50"
"17477";"RR";"""26 00650/2025""";"2026";"3";"ND";"Alta";"ND";"Bom";"Bom";"Ruim";"Ruim";"BR-210";"175";"C";"175";"176";"1";"Pavimentada";"2026-03-18";"30";"62.5";"39,75";"39.75"
"17477";"RR";"""26 00650/2025""";"2026";"3";"ND";"Alta";"Baixa";"Bom";"Bom";"Bom";"Bom";"BR-210";"175";"D";"176";"175";"1";"Pavimentada";"2026-03-18";"35";"25";"32";"39.75"
"17477";"RR";"""26 00650/2025""";"2026";"3";"ND";"Alta";"Baixa";"Bom";"Bom";"Ruim";"Ruim";"BR-210";"176";"D";"177";"176";"1";"Pavimentada";"2026-03-18";"35";"62.5";"43,25";"43.25"
"17477";"RR";"""26 00650/2025""";"2026";"3";"ND";"Baixa";"Baixa";"Ruim";"ND";"Ruim";"Ruim";"BR-210";"176";"C";"176";"177";"1";"Pavimentada";"2026-03-18";"12.5";"80";"32,75";"43.25"
"17477";"RR";"""26 00650/2025""";"2026";"3";"ND";"Média";"Baixa";"Bom";"ND";"Ruim";"Ruim";"BR-210";"177";"C";"177";"178";"1";"Pavimentada";"2026-03-18";"20";"57.5";"31,25";"31.25"
"17477";"RR";"""26 00650/2025""";"2026";"3";"ND";"ND";"ND";"Bom";"Bom";"Ruim";"Ruim";"BR-210";"177";"D";"178";"177";"1";"Pavimentada";"2026-03-18";"0";"62.5";"18,75";"31.25"
"17477";"RR";"""26 00650/2025""";"2026";"3";"Alta";"Baixa";"Baixa";"Bom";"Bom";"Ruim";"Ruim";"BR-210";"178";"D";"179";"178";"1";"Pavimentada";"2026-03-18";"62.5";"62.5";"62,5";"62.5"
"17477";"RR";"""26 00650/2025""";"2026";"3";"Alta";"Média";"Baixa";"Bom";"Bom";"Bom";"Bom";"BR-210";"178";"C";"178";"179";"1";"Pavimentada";"2026-03-18";"70";"25";"56,5";"62.5"
"17477";"RR";"""26 00650/2025""";"2026";"3";"ND";"Média";"ND";"Bom";"Bom";"Bom";"Bom";"BR-210";"179";"C";"179";"180";"1";"Pavimentada";"2026-03-18";"15";"25";"18";"59.25"
"17477";"RR";"""26 00650/2025""";"2026";"3";"Média";"Alta";"Baixa";"Bom";"ND";"Ruim";"Ruim";"BR-210";"179";"D";"180";"179";"1";"Pavimentada";"2026-03-18";"60";"57.5";"59,25";"59.25"
"17477";"RR";"""26 00650/2025""";"2026";"3";"ND";"Média";"Baixa";"Bom";"ND";"Ruim";"Ruim";"BR-210";"180";"D";"181";"180";"1";"Pavimentada";"2026-03-18";"20";"57.5";"31,25";"39.25"
"17477";"RR";"""26 00650/2025""";"2026";"3";"Baixa";"Alta";"Baixa";"Bom";"ND";"Bom";"Bom";"BR-210";"180";"C";"180";"181";"1";"Pavimentada";"2026-03-18";"47.5";"20";"39,25";"39.25"
"17477";"RR";"""26 00650/2025""";"2026";"3";"Alta";"Alta";"Baixa";"Bom";"ND";"Bom";"Bom";"BR-210";"181";"C";"181";"182";"1";"Pavimentada";"2026-03-18";"85";"20";"65,5";"65.5"
"17477";"RR";"""26 00650/2025""";"2026";"3";"Baixa";"Média";"Baixa";"Bom";"Bom";"Ruim";"Ruim";"BR-210";"181";"D";"182";"181";"1";"Pavimentada";"2026-03-18";"32.5";"62.5";"41,5";"65.5"
"17477";"RR";"""26 00650/2025""";"2026";"3";"ND";"ND";"Baixa";"Bom";"ND";"Ruim";"Ruim";"BR-210";"182";"D";"183";"182";"1";"Pavimentada";"2026-03-18";"5";"57.5";"20,75";"20.75"
"17477";"RR";"""26 00650/2025""";"2026";"3";"ND";"Baixa";"Baixa";"Bom";"ND";"Bom";"Bom";"BR-210";"182";"C";"182";"183";"1";"Pavimentada";"2026-03-18";"12.5";"20";"14,75";"20.75"
"17477";"RR";"""26 00650/2025""";"2026";"3";"ND";"Baixa";"Baixa";"Bom";"Bom";"Bom";"Bom";"BR-210";"183";"C";"183";"184";"1";"Pavimentada";"2026-03-18";"12.5";"25";"16,25";"22.25"
"17477";"RR";"""26 00650/2025""";"2026";"3";"ND";"ND";"Baixa";"Bom";"Bom";"Ruim";"Ruim";"BR-210";"183";"D";"184";"183";"1";"Pavimentada";"2026-03-18";"5";"62.5";"22,25";"22.25"
"17477";"RR";"""26 00650/2025""";"2025";"11";"ND";"ND";"ND";"Bom";"ND";"Bom";"Bom";"BR-210";"184";"D";"185";"184";"1";"Pavimentada";"2025-11-22";"0";"20";"6";"29.5"
"17479";"RR";"""26 00650/2025""";"2025";"11";"ND";"ND";"ND";"Bom";"Bom";"Bom";"Bom";"BR-401";"19";"C";"19";"20";"1";"Pavimentada";"2025-11-21";"0";"25";"7,5";"18.75"
"17479";"RR";"""26 00650/2025""";"2025";"11";"ND";"ND";"ND";"Bom";"Bom";"Ruim";"Ruim";"BR-401";"19";"D";"20";"19";"1";"Pavimentada";"2025-11-21";"0";"62.5";"18,75";"18.75"
"17479";"RR";"""26 00650/2025""";"2025";"11";"ND";"ND";"ND";"Bom";"ND";"Ruim";"Ruim";"BR-401";"20";"D";"21";"20";"1";"Pavimentada";"2025-11-21";"0";"57.5";"17,25";"17.25"
"17479";"RR";"""26 00650/2025""";"2025";"11";"ND";"ND";"ND";"Bom";"Bom";"Bom";"Bom";"BR-401";"20";"C";"20";"21";"1";"Pavimentada";"2025-11-21";"0";"25";"7,5";"17.25"
"17479";"RR";"""26 00650/2025""";"2025";"11";"ND";"ND";"ND";"Bom";"Bom";"Bom";"Bom";"BR-401";"21";"C";"21";"22";"1";"Pavimentada";"2025-11-21";"0";"25";"7,5";"17.25"
"17479";"RR";"""26 00650/2025""";"2025";"11";"ND";"ND";"ND";"Bom";"ND";"Ruim";"Ruim";"BR-401";"21";"D";"22";"21";"1";"Pavimentada";"2025-11-21";"0";"57.5";"17,25";"17.25"
"17479";"RR";"""26 00650/2025""";"2025";"11";"ND";"ND";"ND";"Bom";"Bom";"Ruim";"Ruim";"BR-401";"22";"D";"23";"22";"1";"Pavimentada";"2025-11-21";"0";"62.5";"18,75";"18.75"
"17479";"RR";"""26 00650/2025""";"2025";"11";"ND";"ND";"ND";"Bom";"Bom";"Ruim";"Ruim";"BR-401";"22";"C";"22";"23";"1";"Pavimentada";"2025-11-21";"0";"62.5";"18,75";"18.75"
"17479";"RR";"""26 00650/2025""";"2025";"11";"ND";"ND";"ND";"Bom";"Bom";"Regular";"Regular";"BR-401";"23";"C";"23";"24";"1";"Pavimentada";"2025-11-21";"0";"37.5";"11,25";"17.25"
"17479";"RR";"""26 00650/2025""";"2025";"11";"ND";"ND";"ND";"Bom";"ND";"Ruim";"Ruim";"BR-401";"23";"D";"24";"23";"1";"Pavimentada";"2025-11-21";"0";"57.5";"17,25";"17.25"
"17479";"RR";"""26 00650/2025""";"2025";"11";"ND";"ND";"ND";"Bom";"ND";"Ruim";"Ruim";"BR-401";"24";"D";"25";"24";"1";"Pavimentada";"2025-11-21";"0";"57.5";"17,25";"17.25"
"17479";"RR";"""26 00650/2025""";"2025";"11";"ND";"ND";"ND";"Bom";"ND";"Bom";"Bom";"BR-401";"24";"C";"24";"25";"1";"Pavimentada";"2025-11-21";"0";"20";"6";"17.25"
"17479";"RR";"""26 00650/2025""";"2025";"11";"ND";"ND";"ND";"Bom";"Bom";"Ruim";"Ruim";"BR-401";"25";"C";"25";"26";"1";"Pavimentada";"2025-11-21";"0";"62.5";"18,75";"18.75"
"17479";"RR";"""26 00650/2025""";"2025";"11";"ND";"ND";"ND";"Bom";"Bom";"Bom";"Bom";"BR-401";"25";"D";"26";"25";"1";"Pavimentada";"2025-11-21";"0";"25";"7,5";"18.75"
"17479";"RR";"""26 00650/2025""";"2025";"11";"ND";"ND";"ND";"Bom";"Bom";"Ruim";"Ruim";"BR-401";"26";"D";"27";"26";"1";"Pavimentada";"2025-11-21";"0";"62.5";"18,75";"18.75"
"17479";"RR";"""26 00650/2025""";"2025";"11";"ND";"ND";"ND";"Bom";"Bom";"Ruim";"Ruim";"BR-401";"26";"C";"26";"27";"1";"Pavimentada";"2025-11-21";"0";"62.5";"18,75";"18.75"
"17479";"RR";"""26 00650/2025""";"2025";"11";"ND";"ND";"ND";"Bom";"ND";"Ruim";"Ruim";"BR-401";"27";"C";"27";"28";"1";"Pavimentada";"2025-11-21";"0";"57.5";"17,25";"17.25"
"17479";"RR";"""26 00650/2025""";"2025";"11";"ND";"ND";"ND";"Bom";"ND";"Ruim";"Ruim";"BR-401";"27";"D";"28";"27";"1";"Pavimentada";"2025-11-21";"0";"57.5";"17,25";"17.25"
"17479";"RR";"""26 00650/2025""";"2025";"11";"ND";"ND";"ND";"Bom";"ND";"Ruim";"Ruim";"BR-401";"28";"D";"29";"28";"1";"Pavimentada";"2025-11-21";"0";"57.5";"17,25";"17.25"
"17479";"RR";"""26 00650/2025""";"2025";"11";"ND";"ND";"ND";"Bom";"ND";"Ruim";"Ruim";"BR-401";"28";"C";"28";"29";"1";"Pavimentada";"2025-11-21";"0";"57.5";"17,25";"17.25"
"17479";"RR";"""26 00650/2025""";"2025";"11";"ND";"ND";"ND";"Bom";"ND";"Ruim";"Ruim";"BR-401";"29";"C";"29";"30";"1";"Pavimentada";"2025-11-21";"0";"57.5";"17,25";"17.25"
"17479";"RR";"""26 00650/2025""";"2025";"11";"ND";"ND";"ND";"Bom";"ND";"Ruim";"Ruim";"BR-401";"29";"D";"30";"29";"1";"Pavimentada";"2025-11-21";"0";"57.5";"17,25";"17.25"
"17479";"RR";"""26 00650/2025""";"2025";"11";"ND";"ND";"ND";"Bom";"Bom";"Ruim";"Ruim";"BR-401";"30";"D";"31";"30";"1";"Pavimentada";"2025-11-21";"0";"62.5";"18,75";"18.75"
"17479";"RR";"""26 00650/2025""";"2025";"11";"ND";"ND";"ND";"Bom";"Bom";"Ruim";"Ruim";"BR-401";"30";"C";"30";"31";"1";"Pavimentada";"2025-11-21";"0";"62.5";"18,75";"18.75"
"17479";"RR";"""26 00650/2025""";"2025";"11";"ND";"ND";"ND";"Bom";"Bom";"Ruim";"Ruim";"BR-401";"31";"C";"31";"32";"1";"Pavimentada";"2025-11-21";"0";"62.5";"18,75";"18.75"
"17479";"RR";"""26 00650/2025""";"2025";"11";"ND";"ND";"ND";"Bom";"Bom";"Ruim";"Ruim";"BR-401";"31";"D";"32";"31";"1";"Pavimentada";"2025-11-21";"0";"62.5";"18,75";"18.75"
"17479";"RR";"""26 00650/2025""";"2025";"11";"ND";"ND";"ND";"Bom";"Bom";"Bom";"Bom";"BR-401";"32";"D";"33";"32";"1";"Pavimentada";"2025-11-21";"0";"25";"7,5";"7.5"
"17479";"RR";"""26 00650/2025""";"2025";"11";"ND";"ND";"ND";"Bom";"Bom";"Bom";"Bom";"BR-401";"32";"C";"32";"33";"1";"Pavimentada";"2025-11-21";"0";"25";"7,5";"7.5"
"17479";"RR";"""26 00650/2025""";"2025";"11";"ND";"ND";"ND";"Bom";"Bom";"Ruim";"Ruim";"BR-401";"33";"C";"33";"34";"1";"Pavimentada";"2025-11-21";"0";"62.5";"18,75";"18.75"
"17479";"RR";"""26 00650/2025""";"2025";"11";"ND";"ND";"ND";"Bom";"Bom";"Bom";"Bom";"BR-401";"33";"D";"34";"33";"1";"Pavimentada";"2025-11-21";"0";"25";"7,5";"18.75"
"17479";"RR";"""26 00650/2025""";"2025";"11";"ND";"ND";"ND";"Bom";"Bom";"Bom";"Bom";"BR-401";"34";"D";"35";"34";"1";"Pavimentada";"2025-11-21";"0";"25";"7,5";"18.75"
"17479";"RR";"""26 00650/2025""";"2025";"11";"ND";"ND";"ND";"Bom";"Bom";"Ruim";"Ruim";"BR-401";"34";"C";"34";"35";"1";"Pavimentada";"2025-11-21";"0";"62.5";"18,75";"18.75"
"17479";"RR";"""26 00650/2025""";"2025";"11";"ND";"ND";"ND";"Bom";"Bom";"Ruim";"Ruim";"BR-401";"35";"C";"35";"36";"1";"Pavimentada";"2025-11-21";"0";"62.5";"18,75";"18.75"
"17479";"RR";"""26 00650/2025""";"2025";"11";"ND";"ND";"ND";"Bom";"Bom";"Ruim";"Ruim";"BR-401";"35";"D";"36";"35";"1";"Pavimentada";"2025-11-21";"0";"62.5";"18,75";"18.75"
"17479";"RR";"""26 00650/2025""";"2025";"11";"ND";"ND";"ND";"Bom";"Bom";"Bom";"Bom";"BR-401";"36";"D";"37";"36";"1";"Pavimentada";"2025-11-21";"0";"25";"7,5";"18.75"
"17479";"RR";"""26 00650/2025""";"2025";"11";"ND";"ND";"ND";"Bom";"Bom";"Ruim";"Ruim";"BR-401";"36";"C";"36";"37";"1";"Pavimentada";"2025-11-21";"0";"62.5";"18,75";"18.75"
"17479";"RR";"""26 00650/2025""";"2025";"11";"ND";"ND";"ND";"Bom";"Bom";"Ruim";"Ruim";"BR-401";"37";"C";"37";"38";"1";"Pavimentada";"2025-11-21";"0";"62.5";"18,75";"18.75"
"17479";"RR";"""26 00650/2025""";"2025";"11";"ND";"Baixa";"ND";"Bom";"Bom";"Bom";"Bom";"BR-401";"37";"D";"38";"37";"1";"Pavimentada";"2025-11-21";"7.5";"25";"12,75";"18.75"
"17479";"RR";"""26 00650/2025""";"2025";"11";"ND";"Baixa";"ND";"Bom";"Bom";"Bom";"Bom";"BR-401";"38";"D";"39";"38";"1";"Pavimentada";"2025-11-21";"7.5";"25";"12,75";"18.75"
"17479";"RR";"""26 00650/2025""";"2025";"11";"ND";"ND";"ND";"Bom";"Bom";"Ruim";"Ruim";"BR-401";"38";"C";"38";"39";"1";"Pavimentada";"2025-11-21";"0";"62.5";"18,75";"18.75"
"17479";"RR";"""26 00650/2025""";"2025";"11";"ND";"ND";"ND";"Bom";"Bom";"Ruim";"Ruim";"BR-401";"39";"C";"39";"40";"1";"Pavimentada";"2025-11-21";"0";"62.5";"18,75";"18.75"
"17479";"RR";"""26 00650/2025""";"2025";"11";"ND";"ND";"ND";"Bom";"Bom";"Bom";"Bom";"BR-401";"39";"D";"40";"39";"1";"Pavimentada";"2025-11-21";"0";"25";"7,5";"18.75"
"17479";"RR";"""26 00650/2025""";"2025";"11";"ND";"ND";"ND";"Bom";"Bom";"Bom";"Bom";"BR-401";"40";"D";"41";"40";"1";"Pavimentada";"2025-11-21";"0";"25";"7,5";"18.75"
"17479";"RR";"""26 00650/2025""";"2025";"11";"ND";"ND";"ND";"Bom";"Bom";"Ruim";"Ruim";"BR-401";"40";"C";"40";"41";"1";"Pavimentada";"2025-11-21";"0";"62.5";"18,75";"18.75"
"17479";"RR";"""26 00650/2025""";"2025";"11";"ND";"ND";"ND";"Bom";"Bom";"Ruim";"Ruim";"BR-401";"41";"C";"41";"42";"1";"Pavimentada";"2025-11-21";"0";"62.5";"18,75";"18.75"
"17479";"RR";"""26 00650/2025""";"2025";"11";"ND";"ND";"ND";"Bom";"Bom";"Bom";"Bom";"BR-401";"41";"D";"42";"41";"1";"Pavimentada";"2025-11-21";"0";"25";"7,5";"18.75"
"17479";"RR";"""26 00650/2025""";"2025";"11";"ND";"ND";"ND";"Bom";"Bom";"Ruim";"Ruim";"BR-401";"42";"D";"43";"42";"1";"Pavimentada";"2025-11-21";"0";"62.5";"18,75";"18.75"
"17479";"RR";"""26 00650/2025""";"2025";"11";"ND";"ND";"ND";"Bom";"Bom";"Ruim";"Ruim";"BR-401";"42";"C";"42";"43";"1";"Pavimentada";"2025-11-21";"0";"62.5";"18,75";"18.75"
"17479";"RR";"""26 00650/2025""";"2025";"11";"ND";"ND";"ND";"Bom";"Bom";"Ruim";"Ruim";"BR-401";"43";"C";"43";"44";"1";"Pavimentada";"2025-11-21";"0";"62.5";"18,75";"18.75"
"17479";"RR";"""26 00650/2025""";"2025";"11";"ND";"ND";"ND";"Bom";"Bom";"Ruim";"Ruim";"BR-401";"43";"D";"44";"43";"1";"Pavimentada";"2025-11-21";"0";"62.5";"18,75";"18.75"
"17479";"RR";"""26 00650/2025""";"2025";"11";"ND";"ND";"ND";"Bom";"Bom";"Ruim";"Ruim";"BR-401";"44";"D";"45";"44";"1";"Pavimentada";"2025-11-21";"0";"62.5";"18,75";"18.75"
"17479";"RR";"""26 00650/2025""";"2025";"11";"ND";"ND";"ND";"Bom";"Bom";"Ruim";"Ruim";"BR-401";"44";"C";"44";"45";"1";"Pavimentada";"2025-11-21";"0";"62.5";"18,75";"18.75"
"17479";"RR";"""26 00650/2025""";"2025";"11";"ND";"Baixa";"ND";"Bom";"Bom";"Ruim";"Ruim";"BR-401";"45";"C";"45";"46";"1";"Pavimentada";"2025-11-21";"7.5";"62.5";"24";"24"
"17479";"RR";"""26 00650/2025""";"2025";"11";"ND";"ND";"ND";"Bom";"Bom";"Ruim";"Ruim";"BR-401";"45";"D";"46";"45";"1";"Pavimentada";"2025-11-21";"0";"62.5";"18,75";"24"
"17479";"RR";"""26 00650/2025""";"2025";"11";"ND";"ND";"ND";"Bom";"Bom";"Bom";"Bom";"BR-401";"46";"D";"47";"46";"1";"Pavimentada";"2025-11-21";"0";"25";"7,5";"18.75"
"17479";"RR";"""26 00650/2025""";"2025";"11";"ND";"ND";"ND";"Bom";"Bom";"Ruim";"Ruim";"BR-401";"46";"C";"46";"47";"1";"Pavimentada";"2025-11-21";"0";"62.5";"18,75";"18.75"
"17479";"RR";"""26 00650/2025""";"2025";"11";"ND";"ND";"ND";"Bom";"Bom";"Ruim";"Ruim";"BR-401";"47";"C";"47";"48";"1";"Pavimentada";"2025-11-21";"0";"62.5";"18,75";"18.75"
"17479";"RR";"""26 00650/2025""";"2025";"11";"ND";"ND";"ND";"Bom";"Bom";"Ruim";"Ruim";"BR-401";"47";"D";"48";"47";"1";"Pavimentada";"2025-11-21";"0";"62.5";"18,75";"18.75"
"17479";"RR";"""26 00650/2025""";"2025";"11";"ND";"Média";"ND";"Bom";"Bom";"Ruim";"Ruim";"BR-401";"48";"D";"49";"48";"1";"Pavimentada";"2025-11-21";"15";"62.5";"29,25";"29.25"
"17479";"RR";"""26 00650/2025""";"2025";"11";"ND";"Baixa";"ND";"Bom";"Bom";"Ruim";"Ruim";"BR-401";"48";"C";"48";"49";"1";"Pavimentada";"2025-11-21";"7.5";"62.5";"24";"29.25"
"17479";"RR";"""26 00650/2025""";"2025";"11";"ND";"ND";"ND";"Bom";"Bom";"Ruim";"Ruim";"BR-401";"49";"C";"49";"50";"1";"Pavimentada";"2025-11-21";"0";"62.5";"18,75";"18.75"
"17479";"RR";"""26 00650/2025""";"2025";"11";"ND";"ND";"ND";"Bom";"Bom";"Ruim";"Ruim";"BR-401";"49";"D";"50";"49";"1";"Pavimentada";"2025-11-21";"0";"62.5";"18,75";"18.75"
"17479";"RR";"""26 00650/2025""";"2025";"11";"ND";"ND";"ND";"Bom";"ND";"Ruim";"Ruim";"BR-401";"50";"D";"51";"50";"1";"Pavimentada";"2025-11-21";"0";"57.5";"17,25";"17.25"
"17479";"RR";"""26 00650/2025""";"2025";"11";"ND";"ND";"ND";"Bom";"ND";"Ruim";"Ruim";"BR-401";"50";"C";"50";"51";"1";"Pavimentada";"2025-11-21";"0";"57.5";"17,25";"17.25"
"17479";"RR";"""26 00650/2025""";"2025";"11";"ND";"ND";"ND";"Bom";"Bom";"Bom";"Bom";"BR-401";"51";"C";"51";"52";"1";"Pavimentada";"2025-11-21";"0";"25";"7,5";"18.75"
"17479";"RR";"""26 00650/2025""";"2025";"11";"ND";"ND";"ND";"Bom";"Bom";"Ruim";"Ruim";"BR-401";"51";"D";"52";"51";"1";"Pavimentada";"2025-11-21";"0";"62.5";"18,75";"18.75"
"17479";"RR";"""26 00650/2025""";"2025";"11";"ND";"ND";"ND";"Bom";"ND";"Ruim";"Ruim";"BR-401";"52";"D";"53";"52";"1";"Pavimentada";"2025-11-21";"0";"57.5";"17,25";"17.25"
"17479";"RR";"""26 00650/2025""";"2025";"11";"ND";"ND";"ND";"Bom";"ND";"Bom";"Bom";"BR-401";"52";"C";"52";"53";"1";"Pavimentada";"2025-11-21";"0";"20";"6";"17.25"
"17479";"RR";"""26 00650/2025""";"2025";"11";"ND";"ND";"ND";"Bom";"ND";"Ruim";"Ruim";"BR-401";"53";"C";"53";"54";"1";"Pavimentada";"2025-11-21";"0";"57.5";"17,25";"17.25"
"17479";"RR";"""26 00650/2025""";"2025";"11";"ND";"ND";"ND";"Bom";"ND";"Ruim";"Ruim";"BR-401";"53";"D";"54";"53";"1";"Pavimentada";"2025-11-21";"0";"57.5";"17,25";"17.25"
"17479";"RR";"""26 00650/2025""";"2025";"11";"ND";"ND";"ND";"Bom";"ND";"Ruim";"Ruim";"BR-401";"54";"D";"55";"54";"1";"Pavimentada";"2025-11-21";"0";"57.5";"17,25";"17.25"
"17479";"RR";"""26 00650/2025""";"2025";"11";"ND";"ND";"ND";"Bom";"ND";"Bom";"Bom";"BR-401";"54";"C";"54";"55";"1";"Pavimentada";"2025-11-21";"0";"20";"6";"17.25"
"17479";"RR";"""26 00650/2025""";"2025";"11";"ND";"ND";"ND";"Bom";"ND";"Ruim";"Ruim";"BR-401";"55";"C";"55";"56";"1";"Pavimentada";"2025-11-21";"0";"57.5";"17,25";""
"17479";"RR";"""26 00650/2025""";"2025";"11";"ND";"ND";"ND";"Bom";"ND";"Ruim";"Ruim";"BR-401";"56";"C";"56";"57";"1";"Pavimentada";"2025-11-21";"0";"57.5";"17,25";""
"17479";"RR";"""26 00650/2025""";"2025";"11";"ND";"ND";"ND";"Bom";"Bom";"Bom";"Bom";"BR-401";"57";"C";"57";"58";"1";"Pavimentada";"2025-11-21";"0";"25";"7,5";""
"17479";"RR";"""26 00650/2025""";"2025";"11";"ND";"ND";"ND";"Bom";"Bom";"Ruim";"Ruim";"BR-401";"58";"C";"58";"59";"1";"Pavimentada";"2025-11-21";"0";"62.5";"18,75";""
"17479";"RR";"""26 00650/2025""";"2025";"11";"ND";"ND";"ND";"Bom";"ND";"Ruim";"Ruim";"BR-401";"59";"C";"59";"60";"1";"Pavimentada";"2025-11-21";"0";"57.5";"17,25";""
"17479";"RR";"""26 00650/2025""";"2025";"11";"ND";"ND";"ND";"Bom";"Bom";"Ruim";"Ruim";"BR-401";"60";"C";"60";"61";"1";"Pavimentada";"2025-11-21";"0";"62.5";"18,75";""
"17479";"RR";"""26 00650/2025""";"2025";"11";"ND";"ND";"ND";"Bom";"Bom";"Bom";"Bom";"BR-401";"61";"C";"61";"62";"1";"Pavimentada";"2025-11-21";"0";"25";"7,5";""
"17479";"RR";"""26 00650/2025""";"2025";"11";"ND";"ND";"ND";"Bom";"Bom";"Bom";"Bom";"BR-401";"62";"C";"62";"63";"1";"Pavimentada";"2025-11-21";"0";"25";"7,5";""
"17479";"RR";"""26 00650/2025""";"2025";"11";"ND";"ND";"ND";"Bom";"Bom";"Ruim";"Ruim";"BR-401";"63";"C";"63";"64";"1";"Pavimentada";"2025-11-21";"0";"62.5";"18,75";""
"17479";"RR";"""26 00650/2025""";"2025";"11";"ND";"ND";"ND";"Bom";"Bom";"Ruim";"Ruim";"BR-401";"64";"C";"64";"65";"1";"Pavimentada";"2025-11-21";"0";"62.5";"18,75";""
"17479";"RR";"""26 00650/2025""";"2025";"11";"ND";"ND";"ND";"Bom";"Bom";"Ruim";"Ruim";"BR-401";"65";"C";"65";"66";"1";"Pavimentada";"2025-11-21";"0";"62.5";"18,75";""
"17479";"RR";"""26 00650/2025""";"2025";"11";"ND";"ND";"ND";"Bom";"Bom";"Bom";"Bom";"BR-401";"66";"C";"66";"67";"1";"Pavimentada";"2025-11-21";"0";"25";"7,5";""
"17479";"RR";"""26 00650/2025""";"2025";"11";"ND";"ND";"ND";"Bom";"ND";"Bom";"Bom";"BR-401";"67";"C";"67";"68";"1";"Pavimentada";"2025-11-21";"0";"20";"6";""
"17479";"RR";"""26 00650/2025""";"2025";"11";"ND";"ND";"ND";"Bom";"ND";"Ruim";"Ruim";"BR-401";"68";"C";"68";"69";"1";"Pavimentada";"2025-11-21";"0";"57.5";"17,25";""
"17479";"RR";"""26 00650/2025""";"2025";"11";"ND";"ND";"ND";"Bom";"ND";"Bom";"Bom";"BR-401";"69";"C";"69";"70";"1";"Pavimentada";"2025-11-21";"0";"20";"6";""
"17479";"RR";"""26 00650/2025""";"2025";"11";"ND";"ND";"ND";"Bom";"Bom";"Ruim";"Ruim";"BR-401";"70";"C";"70";"71";"1";"Pavimentada";"2025-11-21";"0";"62.5";"18,75";""
"17479";"RR";"""26 00650/2025""";"2025";"11";"ND";"ND";"ND";"Bom";"ND";"Ruim";"Ruim";"BR-401";"71";"C";"71";"72";"1";"Pavimentada";"2025-11-21";"0";"57.5";"17,25";""
"17479";"RR";"""26 00650/2025""";"2025";"11";"ND";"ND";"ND";"Bom";"ND";"Ruim";"Ruim";"BR-401";"72";"C";"72";"73";"1";"Pavimentada";"2025-11-21";"0";"57.5";"17,25";""
"17479";"RR";"""26 00650/2025""";"2025";"11";"ND";"ND";"ND";"Bom";"Bom";"Ruim";"Ruim";"BR-401";"73";"C";"73";"74";"1";"Pavimentada";"2025-11-21";"0";"62.5";"18,75";""
"17479";"RR";"""26 00650/2025""";"2025";"11";"ND";"ND";"ND";"Bom";"Bom";"Ruim";"Ruim";"BR-401";"74";"C";"74";"75";"1";"Pavimentada";"2025-11-21";"0";"62.5";"18,75";""
"17479";"RR";"""26 00650/2025""";"2025";"11";"ND";"ND";"ND";"Bom";"ND";"Bom";"Bom";"BR-401";"75";"C";"75";"76";"1";"Pavimentada";"2025-11-21";"0";"20";"6";""
"17479";"RR";"""26 00650/2025""";"2025";"11";"ND";"ND";"ND";"Bom";"Bom";"Bom";"Bom";"BR-401";"76";"C";"76";"77";"1";"Pavimentada";"2025-11-21";"0";"25";"7,5";""
"17479";"RR";"""26 00650/2025""";"2025";"11";"ND";"ND";"ND";"Bom";"Bom";"Bom";"Bom";"BR-401";"77";"C";"77";"78";"1";"Pavimentada";"2025-11-21";"0";"25";"7,5";""
"17481";"RR";"""26 00650/2025""";"2026";"2";"ND";"ND";"ND";"Bom";"ND";"Bom";"Bom";"BR-401";"190";"C";"190";"191";"1";"Pavimentada";"2026-02-26";"0";"20";"6";"17.25"
"17481";"RR";"""26 00650/2025""";"2026";"2";"ND";"ND";"ND";"Bom";"ND";"Ruim";"Ruim";"BR-401";"190";"D";"191";"190";"1";"Pavimentada";"2026-02-26";"0";"57.5";"17,25";"17.25"
"17481";"RR";"""26 00650/2025""";"2026";"2";"ND";"ND";"ND";"Bom";"ND";"Ruim";"Ruim";"BR-401";"191";"D";"192";"191";"1";"Pavimentada";"2026-02-26";"0";"57.5";"17,25";"17.25"
"17481";"RR";"""26 00650/2025""";"2026";"2";"ND";"ND";"ND";"Bom";"ND";"Ruim";"Ruim";"BR-401";"191";"C";"191";"192";"1";"Pavimentada";"2026-02-26";"0";"57.5";"17,25";"17.25"
"17481";"RR";"""26 00650/2025""";"2026";"2";"ND";"ND";"ND";"Bom";"ND";"Bom";"Bom";"BR-401";"192";"C";"192";"193";"1";"Pavimentada";"2026-02-26";"0";"20";"6";"20.75"
"17481";"RR";"""26 00650/2025""";"2026";"2";"ND";"ND";"Baixa";"Bom";"ND";"Ruim";"Ruim";"BR-401";"192";"D";"193";"192";"1";"Pavimentada";"2026-02-26";"5";"57.5";"20,75";"20.75"
"17481";"RR";"""26 00650/2025""";"2026";"2";"ND";"ND";"ND";"Bom";"ND";"Ruim";"Ruim";"BR-401";"193";"D";"194";"193";"1";"Pavimentada";"2026-02-26";"0";"57.5";"17,25";"17.25"
"17481";"RR";"""26 00650/2025""";"2026";"2";"ND";"ND";"ND";"Bom";"ND";"Ruim";"Ruim";"BR-401";"193";"C";"193";"194";"1";"Pavimentada";"2026-02-26";"0";"57.5";"17,25";"17.25"
"17481";"RR";"""26 00650/2025""";"2026";"2";"ND";"ND";"ND";"Bom";"ND";"Bom";"Bom";"BR-401";"194";"C";"194";"195";"1";"Pavimentada";"2026-02-26";"0";"20";"6";"9.5"
"17481";"RR";"""26 00650/2025""";"2026";"2";"ND";"ND";"Baixa";"Bom";"ND";"Bom";"Bom";"BR-401";"194";"D";"195";"194";"1";"Pavimentada";"2026-02-26";"5";"20";"9,5";"9.5"
"17481";"RR";"""26 00650/2025""";"2026";"2";"ND";"ND";"ND";"Bom";"ND";"Regular";"Regular";"BR-401";"195";"D";"196";"195";"1";"Pavimentada";"2026-02-26";"0";"32.5";"9,75";"9.75"
"17481";"RR";"""26 00650/2025""";"2026";"2";"ND";"ND";"ND";"Bom";"ND";"Bom";"Bom";"BR-401";"195";"C";"195";"196";"1";"Pavimentada";"2026-02-26";"0";"20";"6";"9.75"
"17481";"RR";"""26 00650/2025""";"2026";"2";"ND";"ND";"ND";"Bom";"ND";"Ruim";"Ruim";"BR-401";"196";"C";"196";"197";"1";"Pavimentada";"2026-02-26";"0";"57.5";"17,25";"17.25"
"17481";"RR";"""26 00650/2025""";"2026";"2";"ND";"ND";"ND";"Bom";"ND";"Regular";"Regular";"BR-401";"196";"D";"197";"196";"1";"Pavimentada";"2026-02-26";"0";"32.5";"9,75";"17.25"
"17481";"RR";"""26 00650/2025""";"2026";"2";"ND";"ND";"ND";"Bom";"Regular";"Bom";"Bom";"BR-401";"197";"D";"198";"197";"1";"Pavimentada";"2026-02-26";"0";"30";"9";"9"
"17481";"RR";"""26 00650/2025""";"2026";"2";"ND";"ND";"ND";"Bom";"Regular";"Bom";"Bom";"BR-401";"197";"C";"197";"198";"1";"Pavimentada";"2026-02-26";"0";"30";"9";"9"
"17481";"RR";"""26 00650/2025""";"2026";"2";"ND";"ND";"ND";"Bom";"ND";"Bom";"Bom";"BR-401";"198";"C";"198";"199";"1";"Pavimentada";"2026-02-26";"0";"20";"6";"12.5"
"17481";"RR";"""26 00650/2025""";"2026";"2";"ND";"ND";"Baixa";"Bom";"Regular";"Bom";"Bom";"BR-401";"198";"D";"199";"198";"1";"Pavimentada";"2026-02-26";"5";"30";"12,5";"12.5"
"17487";"RR";"""26 00650/2025""";"2026";"3";"ND";"Média";"ND";"Bom";"Bom";"Ruim";"Ruim";"BR-174";"0";"C";"0";"1";"1";"Pavimentada";"2026-03-17";"15";"62.5";"29,25";"34.25"
"17487";"RR";"""26 00650/2025""";"2026";"3";"ND";"Média";"Baixa";"Bom";"Regular";"Ruim";"Ruim";"BR-174";"0";"D";"1";"0";"1";"Pavimentada";"2026-03-17";"20";"67.5";"34,25";"34.25"
"17487";"RR";"""26 00650/2025""";"2026";"3";"ND";"ND";"ND";"Bom";"ND";"Regular";"Regular";"BR-174";"1";"D";"2";"1";"1";"Pavimentada";"2026-03-17";"0";"32.5";"9,75";"22.25"
"17487";"RR";"""26 00650/2025""";"2026";"3";"ND";"ND";"Baixa";"Bom";"Bom";"Ruim";"Ruim";"BR-174";"1";"C";"1";"2";"1";"Pavimentada";"2026-03-17";"5";"62.5";"22,25";"22.25"
"17487";"RR";"""26 00650/2025""";"2026";"3";"ND";"Alta";"Baixa";"Bom";"ND";"Regular";"Regular";"BR-174";"2";"C";"2";"3";"1";"Pavimentada";"2026-03-17";"35";"32.5";"34,25";"34.25"
"17487";"RR";"""26 00650/2025""";"2026";"3";"ND";"Alta";"ND";"Bom";"ND";"Regular";"Regular";"BR-174";"2";"D";"3";"2";"1";"Pavimentada";"2026-03-17";"30";"32.5";"30,75";"34.25"
"17487";"RR";"""26 00650/2025""";"2026";"3";"ND";"Alta";"ND";"Bom";"ND";"Bom";"Bom";"BR-174";"3";"D";"4";"3";"1";"Pavimentada";"2026-03-17";"30";"20";"27";"27"
"17487";"RR";"""26 00650/2025""";"2026";"3";"ND";"Baixa";"Baixa";"Bom";"ND";"Ruim";"Ruim";"BR-174";"3";"C";"3";"4";"1";"Pavimentada";"2026-03-17";"12.5";"57.5";"26";"27"
"17487";"RR";"""26 00650/2025""";"2026";"3";"ND";"Baixa";"Baixa";"Bom";"ND";"Ruim";"Ruim";"BR-174";"4";"C";"4";"5";"1";"Pavimentada";"2026-03-17";"12.5";"57.5";"26";"26"
"17487";"RR";"""26 00650/2025""";"2026";"3";"ND";"ND";"ND";"Bom";"ND";"Bom";"Bom";"BR-174";"4";"D";"5";"4";"1";"Pavimentada";"2026-03-17";"0";"20";"6";"26"
"17487";"RR";"""26 00650/2025""";"2026";"3";"ND";"ND";"ND";"Bom";"Regular";"Ruim";"Ruim";"BR-174";"5";"D";"6";"5";"1";"Pavimentada";"2026-03-17";"0";"67.5";"20,25";"20.25"
"17487";"RR";"""26 00650/2025""";"2026";"3";"ND";"ND";"ND";"Bom";"Bom";"Ruim";"Ruim";"BR-174";"5";"C";"5";"6";"1";"Pavimentada";"2026-03-17";"0";"62.5";"18,75";"20.25"
"17487";"RR";"""26 00650/2025""";"2026";"3";"ND";"ND";"ND";"Bom";"Bom";"Ruim";"Ruim";"BR-174";"6";"C";"6";"7";"1";"Pavimentada";"2026-03-17";"0";"62.5";"18,75";"18.75"
"17487";"RR";"""26 00650/2025""";"2026";"3";"ND";"ND";"ND";"Bom";"ND";"Ruim";"Ruim";"BR-174";"6";"D";"7";"6";"1";"Pavimentada";"2026-03-17";"0";"57.5";"17,25";"18.75"
"17487";"RR";"""26 00650/2025""";"2026";"3";"ND";"ND";"ND";"Bom";"Regular";"Ruim";"Ruim";"BR-174";"7";"D";"8";"7";"1";"Pavimentada";"2026-03-17";"0";"67.5";"20,25";"20.25"
"17487";"RR";"""26 00650/2025""";"2026";"3";"ND";"ND";"ND";"Bom";"Bom";"Bom";"Bom";"BR-174";"7";"C";"7";"8";"1";"Pavimentada";"2026-03-17";"0";"25";"7,5";"20.25"
"17487";"RR";"""26 00650/2025""";"2026";"3";"ND";"ND";"ND";"Bom";"ND";"Bom";"Bom";"BR-174";"8";"C";"8";"9";"1";"Pavimentada";"2026-03-17";"0";"20";"6";"6"
"17487";"RR";"""26 00650/2025""";"2026";"3";"ND";"ND";"ND";"Bom";"ND";"Bom";"Bom";"BR-174";"8";"D";"9";"8";"1";"Pavimentada";"2026-03-17";"0";"20";"6";"6"
"17487";"RR";"""26 00650/2025""";"2026";"3";"ND";"ND";"ND";"Bom";"ND";"Regular";"Regular";"BR-174";"9";"D";"10";"9";"1";"Pavimentada";"2026-03-17";"0";"32.5";"9,75";"17.25"
"17487";"RR";"""26 00650/2025""";"2026";"3";"ND";"ND";"ND";"Bom";"ND";"Ruim";"Ruim";"BR-174";"9";"C";"9";"10";"1";"Pavimentada";"2026-03-17";"0";"57.5";"17,25";"17.25"
"17487";"RR";"""26 00650/2025""";"2026";"3";"ND";"ND";"ND";"Bom";"ND";"Ruim";"Ruim";"BR-174";"10";"C";"10";"11";"1";"Pavimentada";"2026-03-17";"0";"57.5";"17,25";"17.25"
"17487";"RR";"""26 00650/2025""";"2026";"3";"ND";"ND";"ND";"Bom";"ND";"Bom";"Bom";"BR-174";"10";"D";"11";"10";"1";"Pavimentada";"2026-03-17";"0";"20";"6";"17.25"
"17487";"RR";"""26 00650/2025""";"2026";"3";"Baixa";"ND";"ND";"Bom";"Regular";"Regular";"Regular";"BR-174";"11";"D";"12";"11";"1";"Pavimentada";"2026-03-17";"12.5";"42.5";"21,5";"21.5"
"17487";"RR";"""26 00650/2025""";"2026";"3";"ND";"ND";"ND";"Bom";"ND";"Ruim";"Ruim";"BR-174";"11";"C";"11";"12";"1";"Pavimentada";"2026-03-17";"0";"57.5";"17,25";"21.5"
"17489";"RR";"""26 00650/2025""";"2026";"2";"ND";"ND";"ND";"Bom";"Bom";"Bom";"Bom";"BR-401";"7";"C";"7";"8";"1";"Pavimentada";"2026-02-26";"0";"25";"7,5";"9"
"17489";"RR";"""26 00650/2025""";"2026";"2";"ND";"ND";"ND";"Bom";"Regular";"Bom";"Bom";"BR-401";"7";"D";"8";"7";"1";"Pavimentada";"2026-02-26";"0";"30";"9";"9"
"17489";"RR";"""26 00650/2025""";"2026";"2";"ND";"ND";"ND";"Bom";"Regular";"Bom";"Bom";"BR-401";"8";"D";"9";"8";"1";"Pavimentada";"2026-02-26";"0";"30";"9";"9"
"17489";"RR";"""26 00650/2025""";"2026";"2";"ND";"ND";"ND";"Bom";"Bom";"Bom";"Bom";"BR-401";"8";"C";"8";"9";"1";"Pavimentada";"2026-02-26";"0";"25";"7,5";"9"
"17489";"RR";"""26 00650/2025""";"2026";"2";"ND";"ND";"ND";"Bom";"Bom";"Bom";"Bom";"BR-401";"9";"C";"9";"10";"1";"Pavimentada";"2026-02-26";"0";"25";"7,5";"20.25"
"17489";"RR";"""26 00650/2025""";"2026";"2";"ND";"ND";"ND";"Bom";"Regular";"Ruim";"Ruim";"BR-401";"9";"D";"10";"9";"1";"Pavimentada";"2026-02-26";"0";"67.5";"20,25";"20.25"
"17489";"RR";"""26 00650/2025""";"2026";"2";"ND";"ND";"ND";"Bom";"ND";"Ruim";"Ruim";"BR-401";"10";"D";"11";"10";"1";"Pavimentada";"2026-02-26";"0";"57.5";"17,25";"17.25"
"17489";"RR";"""26 00650/2025""";"2026";"2";"ND";"ND";"ND";"Bom";"ND";"Ruim";"Ruim";"BR-401";"10";"C";"10";"11";"1";"Pavimentada";"2026-02-26";"0";"57.5";"17,25";"17.25"
"17489";"RR";"""26 00650/2025""";"2026";"2";"ND";"ND";"ND";"Bom";"ND";"Bom";"Bom";"BR-401";"11";"C";"11";"12";"1";"Pavimentada";"2026-02-26";"0";"20";"6";"6"
"17489";"RR";"""26 00650/2025""";"2026";"2";"ND";"ND";"ND";"Bom";"ND";"Bom";"Bom";"BR-401";"11";"D";"12";"11";"1";"Pavimentada";"2026-02-26";"0";"20";"6";"6"
"17489";"RR";"""26 00650/2025""";"2026";"2";"ND";"ND";"ND";"Bom";"ND";"Bom";"Bom";"BR-401";"12";"D";"13";"12";"1";"Pavimentada";"2026-02-26";"0";"20";"6";"6"
"17489";"RR";"""26 00650/2025""";"2026";"2";"ND";"ND";"ND";"Bom";"ND";"Bom";"Bom";"BR-401";"12";"C";"12";"13";"1";"Pavimentada";"2026-02-26";"0";"20";"6";"6"
"17489";"RR";"""26 00650/2025""";"2026";"2";"ND";"ND";"ND";"Bom";"ND";"Ruim";"Ruim";"BR-401";"13";"C";"13";"14";"1";"Pavimentada";"2026-02-26";"0";"57.5";"17,25";"17.25"
"17489";"RR";"""26 00650/2025""";"2026";"2";"ND";"ND";"ND";"Bom";"ND";"Ruim";"Ruim";"BR-401";"13";"D";"14";"13";"1";"Pavimentada";"2026-02-26";"0";"57.5";"17,25";"17.25"
"17489";"RR";"""26 00650/2025""";"2026";"2";"ND";"ND";"ND";"Bom";"ND";"Ruim";"Ruim";"BR-401";"14";"D";"15";"14";"1";"Pavimentada";"2026-02-26";"0";"57.5";"17,25";"18.75"
"17489";"RR";"""26 00650/2025""";"2026";"2";"ND";"ND";"ND";"Bom";"Bom";"Ruim";"Ruim";"BR-401";"14";"C";"14";"15";"1";"Pavimentada";"2026-02-26";"0";"62.5";"18,75";"18.75"
"17489";"RR";"""26 00650/2025""";"2026";"2";"ND";"ND";"ND";"Bom";"Regular";"Bom";"Bom";"BR-401";"15";"C";"15";"16";"1";"Pavimentada";"2026-02-26";"0";"30";"9";"20.25"
"17489";"RR";"""26 00650/2025""";"2026";"2";"ND";"ND";"ND";"Bom";"Regular";"Ruim";"Ruim";"BR-401";"15";"D";"16";"15";"1";"Pavimentada";"2026-02-26";"0";"67.5";"20,25";"20.25"
"17489";"RR";"""26 00650/2025""";"2026";"2";"ND";"ND";"ND";"Bom";"ND";"Ruim";"Ruim";"BR-401";"16";"D";"17";"16";"1";"Pavimentada";"2026-02-26";"0";"57.5";"17,25";"20.25"
"17489";"RR";"""26 00650/2025""";"2026";"2";"ND";"ND";"ND";"Bom";"Regular";"Ruim";"Ruim";"BR-401";"16";"C";"16";"17";"1";"Pavimentada";"2026-02-26";"0";"67.5";"20,25";"20.25"
"17489";"RR";"""26 00650/2025""";"2026";"2";"ND";"ND";"ND";"Bom";"ND";"Ruim";"Ruim";"BR-401";"17";"C";"17";"18";"1";"Pavimentada";"2026-02-26";"0";"57.5";"17,25";"17.25"
"17489";"RR";"""26 00650/2025""";"2026";"2";"ND";"ND";"ND";"Bom";"ND";"Bom";"Bom";"BR-401";"17";"D";"18";"17";"1";"Pavimentada";"2026-02-26";"0";"20";"6";"17.25"
"17489";"RR";"""26 00650/2025""";"2025";"11";"ND";"ND";"ND";"Bom";"Bom";"Ruim";"Ruim";"BR-401";"18";"D";"19";"18";"1";"Pavimentada";"2025-11-21";"0";"62.5";"18,75";"18.75"
"17489";"RR";"""26 00650/2025""";"2025";"11";"ND";"ND";"ND";"Bom";"Bom";"Bom";"Bom";"BR-401";"18";"C";"18";"19";"1";"Pavimentada";"2025-11-21";"0";"25";"7,5";"18.75"
"17494";"RR";"""26 00650/2025""";"2026";"2";"ND";"ND";"ND";"Bom";"Bom";"Ruim";"Ruim";"BR-401";"0";"C";"0";"1";"1";"Pavimentada";"2026-02-26";"0";"62.5";"18,75";"18.75"
"17494";"RR";"""26 00650/2025""";"2026";"2";"ND";"ND";"ND";"Bom";"ND";"Bom";"Bom";"BR-401";"0";"D";"1";"0";"1";"Pavimentada";"2026-02-26";"0";"20";"6";"18.75"
"17494";"RR";"""26 00650/2025""";"2026";"2";"ND";"ND";"ND";"Bom";"Bom";"Ruim";"Ruim";"BR-401";"1";"D";"2";"1";"1";"Pavimentada";"2026-02-26";"0";"62.5";"18,75";"18.75"
"17494";"RR";"""26 00650/2025""";"2026";"2";"ND";"ND";"ND";"Bom";"Regular";"Bom";"Bom";"BR-401";"1";"C";"1";"2";"1";"Pavimentada";"2026-02-26";"0";"30";"9";"18.75"
"17494";"RR";"""26 00650/2025""";"2026";"2";"ND";"ND";"ND";"Bom";"ND";"Bom";"Bom";"BR-401";"2";"C";"2";"3";"1";"Pavimentada";"2026-02-26";"0";"20";"6";"6"
"17494";"RR";"""26 00650/2025""";"2026";"2";"ND";"ND";"ND";"Bom";"ND";"Bom";"Bom";"BR-401";"2";"D";"3";"2";"1";"Pavimentada";"2026-02-26";"0";"20";"6";"6"
"17494";"RR";"""26 00650/2025""";"2026";"2";"ND";"ND";"ND";"Bom";"ND";"Bom";"Bom";"BR-401";"3";"D";"4";"3";"1";"Pavimentada";"2026-02-26";"0";"20";"6";"17.25"
"17494";"RR";"""26 00650/2025""";"2026";"2";"ND";"ND";"ND";"Bom";"ND";"Ruim";"Ruim";"BR-401";"3";"C";"3";"4";"1";"Pavimentada";"2026-02-26";"0";"57.5";"17,25";"17.25"
"17494";"RR";"""26 00650/2025""";"2026";"2";"ND";"ND";"ND";"Bom";"ND";"Bom";"Bom";"BR-401";"4";"C";"4";"5";"1";"Pavimentada";"2026-02-26";"0";"20";"6";"6"
"17494";"RR";"""26 00650/2025""";"2026";"2";"ND";"ND";"ND";"Bom";"ND";"Bom";"Bom";"BR-401";"4";"D";"5";"4";"1";"Pavimentada";"2026-02-26";"0";"20";"6";"6"
"17494";"RR";"""26 00650/2025""";"2026";"2";"ND";"ND";"ND";"Bom";"Bom";"Bom";"Bom";"BR-401";"5";"D";"6";"5";"1";"Pavimentada";"2026-02-26";"0";"25";"7,5";"9"
"17494";"RR";"""26 00650/2025""";"2026";"2";"ND";"ND";"ND";"Bom";"Regular";"Bom";"Bom";"BR-401";"5";"C";"5";"6";"1";"Pavimentada";"2026-02-26";"0";"30";"9";"9"
"17494";"RR";"""26 00650/2025""";"2026";"2";"ND";"ND";"ND";"Bom";"Regular";"Ruim";"Ruim";"BR-401";"6";"C";"6";"7";"1";"Pavimentada";"2026-02-26";"0";"67.5";"20,25";"20.25"
"17494";"RR";"""26 00650/2025""";"2026";"2";"ND";"ND";"ND";"Bom";"Bom";"Ruim";"Ruim";"BR-401";"6";"D";"7";"6";"1";"Pavimentada";"2026-02-26";"0";"62.5";"18,75";"20.25"
"17495";"RR";"""26 00650/2025""";"2026";"3";"ND";"ND";"ND";"Bom";"Bom";"Bom";"Bom";"BR-432";"0";"C";"0";"1";"1";"Pavimentada";"2026-03-18";"0";"25";"7,5";"7.5"
"17495";"RR";"""26 00650/2025""";"2026";"3";"ND";"ND";"ND";"Bom";"Bom";"Bom";"Bom";"BR-432";"0";"D";"1";"0";"1";"Pavimentada";"2026-03-19";"0";"25";"7,5";"7.5"
"17495";"RR";"""26 00650/2025""";"2026";"3";"Média";"ND";"Baixa";"Bom";"Bom";"Bom";"Bom";"BR-432";"1";"D";"2";"1";"1";"Pavimentada";"2026-03-19";"30";"25";"28,5";"55.75"
"17495";"RR";"""26 00650/2025""";"2026";"3";"Alta";"ND";"Baixa";"Bom";"ND";"Ruim";"Ruim";"BR-432";"1";"C";"1";"2";"1";"Pavimentada";"2026-03-18";"55";"57.5";"55,75";"55.75"
"17495";"RR";"""26 00650/2025""";"2026";"3";"Baixa";"Baixa";"Baixa";"Bom";"ND";"Ruim";"Ruim";"BR-432";"2";"C";"2";"3";"1";"Pavimentada";"2026-03-18";"25";"57.5";"34,75";"34.75"
"17495";"RR";"""26 00650/2025""";"2026";"3";"ND";"ND";"ND";"Bom";"Bom";"Ruim";"Ruim";"BR-432";"2";"D";"3";"2";"1";"Pavimentada";"2026-03-19";"0";"62.5";"18,75";"34.75"
"17495";"RR";"""26 00650/2025""";"2026";"3";"Baixa";"ND";"Baixa";"Bom";"ND";"Ruim";"Ruim";"BR-432";"3";"D";"4";"3";"1";"Pavimentada";"2026-03-19";"17.5";"57.5";"29,5";"31.25"
"17495";"RR";"""26 00650/2025""";"2026";"3";"ND";"Média";"Baixa";"Bom";"ND";"Ruim";"Ruim";"BR-432";"3";"C";"3";"4";"1";"Pavimentada";"2026-03-18";"20";"57.5";"31,25";"31.25"
"17495";"RR";"""26 00650/2025""";"2026";"3";"Média";"ND";"Baixa";"Bom";"ND";"Bom";"Bom";"BR-432";"4";"C";"4";"5";"1";"Pavimentada";"2026-03-18";"30";"20";"27";"55.75"
"17495";"RR";"""26 00650/2025""";"2026";"3";"Alta";"ND";"Baixa";"Bom";"ND";"Ruim";"Ruim";"BR-432";"4";"D";"5";"4";"1";"Pavimentada";"2026-03-19";"55";"57.5";"55,75";"55.75"
"17495";"RR";"""26 00650/2025""";"2026";"3";"Média";"ND";"Baixa";"Bom";"Bom";"Ruim";"Ruim";"BR-432";"5";"D";"6";"5";"1";"Pavimentada";"2026-03-19";"30";"62.5";"39,75";"41.5"
"17495";"RR";"""26 00650/2025""";"2026";"3";"Média";"Baixa";"ND";"Bom";"Bom";"Ruim";"Ruim";"BR-432";"5";"C";"5";"6";"1";"Pavimentada";"2026-03-18";"32.5";"62.5";"41,5";"41.5"
"17495";"RR";"""26 00650/2025""";"2026";"3";"Alta";"Baixa";"ND";"Bom";"ND";"Bom";"Bom";"BR-432";"6";"C";"6";"7";"1";"Pavimentada";"2026-03-18";"57.5";"20";"46,25";"57.25"
"17495";"RR";"""26 00650/2025""";"2026";"3";"Alta";"ND";"Baixa";"Bom";"Bom";"Ruim";"Ruim";"BR-432";"6";"D";"7";"6";"1";"Pavimentada";"2026-03-19";"55";"62.5";"57,25";"57.25"
"17495";"RR";"""26 00650/2025""";"2026";"3";"Alta";"Baixa";"Baixa";"Bom";"ND";"Ruim";"Ruim";"BR-432";"7";"D";"8";"7";"1";"Pavimentada";"2026-03-19";"62.5";"57.5";"61";"61.75"
"17495";"RR";"""26 00650/2025""";"2026";"3";"Alta";"Média";"Baixa";"Ruim";"ND";"Bom";"Bom";"BR-432";"7";"C";"7";"8";"1";"Pavimentada";"2026-03-18";"70";"42.5";"61,75";"61.75"
"17495";"RR";"""26 00650/2025""";"2026";"3";"Alta";"Baixa";"ND";"Bom";"ND";"Bom";"Bom";"BR-432";"8";"C";"8";"9";"1";"Pavimentada";"2026-03-18";"57.5";"20";"46,25";"78.25"
"17495";"RR";"""26 00650/2025""";"2026";"3";"Alta";"Alta";"Baixa";"Bom";"Bom";"Ruim";"Ruim";"BR-432";"8";"D";"9";"8";"1";"Pavimentada";"2026-03-19";"85";"62.5";"78,25";"78.25"
"17495";"RR";"""26 00650/2025""";"2026";"3";"Baixa";"ND";"ND";"Bom";"Bom";"Ruim";"Ruim";"BR-432";"9";"D";"10";"9";"1";"Pavimentada";"2026-03-19";"12.5";"62.5";"27,5";"27.5"
"17495";"RR";"""26 00650/2025""";"2026";"3";"ND";"ND";"ND";"Bom";"ND";"Bom";"Bom";"BR-432";"9";"C";"9";"10";"1";"Pavimentada";"2026-03-18";"0";"20";"6";"27.5"
"17495";"RR";"""26 00650/2025""";"2026";"3";"Baixa";"Alta";"Baixa";"Ruim";"Bom";"Bom";"Bom";"BR-432";"10";"C";"10";"11";"1";"Pavimentada";"2026-03-18";"47.5";"47.5";"47,5";"47.5"
"17495";"RR";"""26 00650/2025""";"2026";"3";"Baixa";"ND";"ND";"Bom";"Regular";"Bom";"Bom";"BR-432";"10";"D";"11";"10";"1";"Pavimentada";"2026-03-19";"12.5";"30";"17,75";"47.5"
"17495";"RR";"""26 00650/2025""";"2026";"3";"Média";"Baixa";"ND";"Bom";"Regular";"Bom";"Bom";"BR-432";"11";"D";"12";"11";"1";"Pavimentada";"2026-03-19";"32.5";"30";"31,75";"55"
"17495";"RR";"""26 00650/2025""";"2026";"3";"Média";"Alta";"ND";"Ruim";"ND";"Regular";"Regular";"BR-432";"11";"C";"11";"12";"1";"Pavimentada";"2026-03-18";"55";"55";"55";"55"
"17495";"RR";"""26 00650/2025""";"2026";"3";"ND";"ND";"ND";"Ruim";"Bom";"Ruim";"Ruim";"BR-432";"12";"C";"12";"13";"1";"Pavimentada";"2026-03-18";"0";"85";"25,5";"29"
"17495";"RR";"""26 00650/2025""";"2026";"3";"Baixa";"ND";"ND";"Bom";"Regular";"Ruim";"Ruim";"BR-432";"12";"D";"13";"12";"1";"Pavimentada";"2026-03-19";"12.5";"67.5";"29";"29"
"17495";"RR";"""26 00650/2025""";"2026";"3";"Baixa";"ND";"ND";"Bom";"ND";"Ruim";"Ruim";"BR-432";"13";"D";"14";"13";"1";"Pavimentada";"2026-03-19";"12.5";"57.5";"26";"26"
"17495";"RR";"""26 00650/2025""";"2026";"3";"ND";"Média";"ND";"Ruim";"ND";"Bom";"Bom";"BR-432";"13";"C";"13";"14";"1";"Pavimentada";"2026-03-18";"15";"42.5";"23,25";"26"
"17495";"RR";"""26 00650/2025""";"2026";"3";"ND";"ND";"Baixa";"Ruim";"ND";"Bom";"Bom";"BR-432";"14";"C";"14";"15";"1";"Pavimentada";"2026-03-18";"5";"42.5";"16,25";"20.75"
"17495";"RR";"""26 00650/2025""";"2026";"3";"ND";"ND";"Baixa";"Bom";"ND";"Ruim";"Ruim";"BR-432";"14";"D";"15";"14";"1";"Pavimentada";"2026-03-19";"5";"57.5";"20,75";"20.75"
"17495";"RR";"""26 00650/2025""";"2026";"3";"ND";"ND";"ND";"Bom";"Regular";"Ruim";"Ruim";"BR-432";"15";"D";"16";"15";"1";"Pavimentada";"2026-03-19";"0";"67.5";"20,25";"20.25"
"17495";"RR";"""26 00650/2025""";"2026";"3";"ND";"ND";"ND";"Bom";"Bom";"Bom";"Bom";"BR-432";"15";"C";"15";"16";"1";"Pavimentada";"2026-03-18";"0";"25";"7,5";"20.25"
"17495";"RR";"""26 00650/2025""";"2026";"3";"ND";"ND";"ND";"Ruim";"ND";"Bom";"Bom";"BR-432";"16";"C";"16";"17";"1";"Pavimentada";"2026-03-18";"0";"42.5";"12,75";"12.75"
"17495";"RR";"""26 00650/2025""";"2026";"3";"ND";"ND";"ND";"Bom";"ND";"Bom";"Bom";"BR-432";"16";"D";"17";"16";"1";"Pavimentada";"2026-03-19";"0";"20";"6";"12.75"
"17495";"RR";"""26 00650/2025""";"2026";"3";"ND";"ND";"ND";"Bom";"ND";"Bom";"Bom";"BR-432";"17";"D";"18";"17";"1";"Pavimentada";"2026-03-19";"0";"20";"6";"29.25"
"17495";"RR";"""26 00650/2025""";"2026";"3";"ND";"Baixa";"ND";"Ruim";"ND";"Ruim";"Ruim";"BR-432";"17";"C";"17";"18";"1";"Pavimentada";"2026-03-18";"7.5";"80";"29,25";"29.25"
"17495";"RR";"""26 00650/2025""";"2026";"3";"ND";"ND";"ND";"Bom";"Bom";"Ruim";"Ruim";"BR-432";"18";"C";"18";"19";"1";"Pavimentada";"2026-03-18";"0";"62.5";"18,75";"18.75"
"17495";"RR";"""26 00650/2025""";"2026";"3";"Baixa";"ND";"ND";"Bom";"Regular";"Bom";"Bom";"BR-432";"18";"D";"19";"18";"1";"Pavimentada";"2026-03-19";"12.5";"30";"17,75";"18.75"
"17495";"RR";"""26 00650/2025""";"2026";"3";"Alta";"Baixa";"ND";"Bom";"Regular";"Ruim";"Ruim";"BR-432";"19";"D";"20";"19";"1";"Pavimentada";"2026-03-19";"57.5";"67.5";"60,5";"60.5"
"17495";"RR";"""26 00650/2025""";"2026";"3";"Média";"Média";"ND";"Ruim";"Bom";"Bom";"Bom";"BR-432";"19";"C";"19";"20";"1";"Pavimentada";"2026-03-18";"40";"47.5";"42,25";"60.5"
"17495";"RR";"""26 00650/2025""";"2026";"3";"ND";"ND";"ND";"Ruim";"Bom";"Ruim";"Ruim";"BR-432";"20";"C";"20";"21";"1";"Pavimentada";"2026-03-18";"0";"85";"25,5";"25.5"
"17495";"RR";"""26 00650/2025""";"2026";"3";"ND";"ND";"ND";"Bom";"Regular";"Ruim";"Ruim";"BR-432";"20";"D";"21";"20";"1";"Pavimentada";"2026-03-19";"0";"67.5";"20,25";"25.5"
"17495";"RR";"""26 00650/2025""";"2026";"3";"ND";"ND";"ND";"Bom";"Regular";"Ruim";"Ruim";"BR-432";"21";"D";"22";"21";"1";"Pavimentada";"2026-03-19";"0";"67.5";"20,25";"39.5"
"17495";"RR";"""26 00650/2025""";"2026";"3";"Baixa";"Baixa";"ND";"Ruim";"Bom";"Ruim";"Ruim";"BR-432";"21";"C";"21";"22";"1";"Pavimentada";"2026-03-18";"20";"85";"39,5";"39.5"
"17495";"RR";"""26 00650/2025""";"2026";"3";"ND";"ND";"ND";"Bom";"Bom";"Bom";"Bom";"BR-432";"22";"C";"22";"23";"1";"Pavimentada";"2026-03-18";"0";"25";"7,5";"29"
"17495";"RR";"""26 00650/2025""";"2026";"3";"Baixa";"ND";"ND";"Bom";"Regular";"Ruim";"Ruim";"BR-432";"22";"D";"23";"22";"1";"Pavimentada";"2026-03-19";"12.5";"67.5";"29";"29"
"17495";"RR";"""26 00650/2025""";"2026";"3";"ND";"ND";"ND";"Bom";"ND";"Bom";"Bom";"BR-432";"23";"D";"24";"23";"1";"Pavimentada";"2026-03-19";"0";"20";"6";"26"
"17495";"RR";"""26 00650/2025""";"2026";"3";"Baixa";"ND";"ND";"Bom";"ND";"Ruim";"Ruim";"BR-432";"23";"C";"23";"24";"1";"Pavimentada";"2026-03-18";"12.5";"57.5";"26";"26"
"17495";"RR";"""26 00650/2025""";"2026";"3";"Média";"Média";"Baixa";"Bom";"Bom";"Bom";"Bom";"BR-432";"24";"C";"24";"25";"1";"Pavimentada";"2026-03-18";"45";"25";"39";"39"
"17495";"RR";"""26 00650/2025""";"2026";"3";"Média";"ND";"ND";"Bom";"Regular";"Ruim";"Ruim";"BR-432";"24";"D";"25";"24";"1";"Pavimentada";"2026-03-19";"25";"67.5";"37,75";"39"
"17495";"RR";"""26 00650/2025""";"2026";"3";"Baixa";"ND";"ND";"Bom";"ND";"Bom";"Bom";"BR-432";"25";"D";"26";"25";"1";"Pavimentada";"2026-03-19";"12.5";"20";"14,75";"14.75"
"17495";"RR";"""26 00650/2025""";"2026";"3";"ND";"ND";"ND";"Ruim";"Bom";"Bom";"Bom";"BR-432";"25";"C";"25";"26";"1";"Pavimentada";"2026-03-18";"0";"47.5";"14,25";"14.75"
"17495";"RR";"""26 00650/2025""";"2026";"3";"Baixa";"ND";"ND";"Bom";"Bom";"Ruim";"Ruim";"BR-432";"26";"C";"26";"27";"1";"Pavimentada";"2026-03-18";"12.5";"62.5";"27,5";"27.5"
"17495";"RR";"""26 00650/2025""";"2026";"3";"Baixa";"ND";"ND";"Bom";"Regular";"Bom";"Bom";"BR-432";"26";"D";"27";"26";"1";"Pavimentada";"2026-03-19";"12.5";"30";"17,75";"27.5"
"17495";"RR";"""26 00650/2025""";"2026";"3";"ND";"ND";"ND";"Bom";"ND";"Bom";"Bom";"BR-432";"27";"D";"28";"27";"1";"Pavimentada";"2026-03-19";"0";"20";"6";"17.25"
"17495";"RR";"""26 00650/2025""";"2026";"3";"ND";"ND";"ND";"Bom";"ND";"Ruim";"Ruim";"BR-432";"27";"C";"27";"28";"1";"Pavimentada";"2026-03-18";"0";"57.5";"17,25";"17.25"
"17495";"RR";"""26 00650/2025""";"2026";"3";"ND";"ND";"ND";"Bom";"Bom";"Ruim";"Ruim";"BR-432";"28";"C";"28";"29";"1";"Pavimentada";"2026-03-18";"0";"62.5";"18,75";"18.75"
"17495";"RR";"""26 00650/2025""";"2026";"3";"ND";"ND";"ND";"Bom";"ND";"Bom";"Bom";"BR-432";"28";"D";"29";"28";"1";"Pavimentada";"2026-03-19";"0";"20";"6";"18.75"
"17495";"RR";"""26 00650/2025""";"2026";"3";"Baixa";"ND";"ND";"Bom";"ND";"Bom";"Bom";"BR-432";"29";"D";"30";"29";"1";"Pavimentada";"2026-03-19";"12.5";"20";"14,75";"27.5"
"17495";"RR";"""26 00650/2025""";"2026";"3";"Baixa";"ND";"ND";"Bom";"Bom";"Ruim";"Ruim";"BR-432";"29";"C";"29";"30";"1";"Pavimentada";"2026-03-18";"12.5";"62.5";"27,5";"27.5"
"17495";"RR";"""26 00650/2025""";"2026";"3";"Média";"Baixa";"ND";"Bom";"ND";"Ruim";"Ruim";"BR-432";"30";"C";"30";"31";"1";"Pavimentada";"2026-03-18";"32.5";"57.5";"40";"40"
"17495";"RR";"""26 00650/2025""";"2026";"3";"Média";"ND";"Baixa";"Bom";"ND";"Bom";"Bom";"BR-432";"30";"D";"31";"30";"1";"Pavimentada";"2026-03-19";"30";"20";"27";"40"
"17495";"RR";"""26 00650/2025""";"2026";"3";"Média";"ND";"ND";"Bom";"ND";"Bom";"Bom";"BR-432";"31";"D";"32";"31";"1";"Pavimentada";"2026-03-19";"25";"20";"23,5";"41"
"17495";"RR";"""26 00650/2025""";"2026";"3";"Alta";"ND";"ND";"Bom";"ND";"Bom";"Bom";"BR-432";"31";"C";"31";"32";"1";"Pavimentada";"2026-03-18";"50";"20";"41";"41"
"17495";"RR";"""26 00650/2025""";"2026";"3";"Alta";"ND";"Baixa";"Bom";"Bom";"Ruim";"Ruim";"BR-432";"32";"C";"32";"33";"1";"Pavimentada";"2026-03-18";"55";"62.5";"57,25";"57.25"
"17495";"RR";"""26 00650/2025""";"2026";"3";"Média";"ND";"ND";"Bom";"Regular";"Bom";"Bom";"BR-432";"32";"D";"33";"32";"1";"Pavimentada";"2026-03-19";"25";"30";"26,5";"57.25"
"17495";"RR";"""26 00650/2025""";"2026";"3";"Baixa";"ND";"ND";"Bom";"Bom";"Bom";"Bom";"BR-432";"33";"D";"34";"33";"1";"Pavimentada";"2026-03-19";"12.5";"25";"16,25";"19.75"
"17495";"RR";"""26 00650/2025""";"2026";"3";"Baixa";"ND";"Baixa";"Bom";"Bom";"Bom";"Bom";"BR-432";"33";"C";"33";"34";"1";"Pavimentada";"2026-03-18";"17.5";"25";"19,75";"19.75"
"17495";"RR";"""26 00650/2025""";"2026";"3";"ND";"ND";"ND";"Bom";"Bom";"Bom";"Bom";"BR-432";"34";"C";"34";"35";"1";"Pavimentada";"2026-03-18";"0";"25";"7,5";"7.5"
"17495";"RR";"""26 00650/2025""";"2026";"3";"ND";"ND";"ND";"Bom";"Bom";"Bom";"Bom";"BR-432";"34";"D";"35";"34";"1";"Pavimentada";"2026-03-19";"0";"25";"7,5";"7.5"
"17495";"RR";"""26 00650/2025""";"2026";"3";"Alta";"ND";"ND";"Bom";"Bom";"Bom";"Bom";"BR-432";"35";"D";"36";"35";"1";"Pavimentada";"2026-03-19";"50";"25";"42,5";"57.25"
"17495";"RR";"""26 00650/2025""";"2026";"3";"Alta";"ND";"Baixa";"Bom";"Bom";"Ruim";"Ruim";"BR-432";"35";"C";"35";"36";"1";"Pavimentada";"2026-03-18";"55";"62.5";"57,25";"57.25"
"17495";"RR";"""26 00650/2025""";"2026";"3";"Baixa";"ND";"ND";"Bom";"ND";"Ruim";"Ruim";"BR-432";"36";"C";"36";"37";"1";"Pavimentada";"2026-03-18";"12.5";"57.5";"26";"26"
"17495";"RR";"""26 00650/2025""";"2026";"3";"ND";"ND";"ND";"Bom";"ND";"Ruim";"Ruim";"BR-432";"36";"D";"37";"36";"1";"Pavimentada";"2026-03-19";"0";"57.5";"17,25";"26"
"17495";"RR";"""26 00650/2025""";"2026";"3";"Baixa";"ND";"ND";"Bom";"Bom";"Bom";"Bom";"BR-432";"37";"D";"38";"37";"1";"Pavimentada";"2026-03-19";"12.5";"25";"16,25";"44.5"
"17495";"RR";"""26 00650/2025""";"2026";"3";"Alta";"ND";"Baixa";"Bom";"ND";"Bom";"Bom";"BR-432";"37";"C";"37";"38";"1";"Pavimentada";"2026-03-18";"55";"20";"44,5";"44.5"
"17495";"RR";"""26 00650/2025""";"2026";"3";"ND";"Baixa";"Baixa";"Bom";"ND";"Bom";"Bom";"BR-432";"38";"C";"38";"39";"1";"Pavimentada";"2026-03-18";"12.5";"20";"14,75";"14.75"
"17495";"RR";"""26 00650/2025""";"2026";"3";"ND";"ND";"ND";"Bom";"Bom";"Bom";"Bom";"BR-432";"38";"D";"39";"38";"1";"Pavimentada";"2026-03-19";"0";"25";"7,5";"14.75"
"17495";"RR";"""26 00650/2025""";"2026";"3";"ND";"ND";"Baixa";"Bom";"Bom";"Bom";"Bom";"BR-432";"39";"D";"40";"39";"1";"Pavimentada";"2026-03-19";"5";"25";"11";"53"
"17495";"RR";"""26 00650/2025""";"2026";"3";"Alta";"Média";"ND";"Bom";"Bom";"Bom";"Bom";"BR-432";"39";"C";"39";"40";"1";"Pavimentada";"2026-03-18";"65";"25";"53";"53"
"17495";"RR";"""26 00650/2025""";"2026";"3";"Baixa";"Alta";"ND";"Bom";"Bom";"Bom";"Bom";"BR-432";"40";"C";"40";"41";"1";"Pavimentada";"2026-03-18";"42.5";"25";"37,25";"37.25"
"17495";"RR";"""26 00650/2025""";"2026";"3";"ND";"Alta";"Baixa";"Bom";"Bom";"Bom";"Bom";"BR-432";"40";"D";"41";"40";"1";"Pavimentada";"2026-03-19";"35";"25";"32";"37.25"
"17495";"RR";"""26 00650/2025""";"2026";"3";"Alta";"Alta";"Baixa";"Bom";"Bom";"Bom";"Bom";"BR-432";"41";"D";"42";"41";"1";"Pavimentada";"2026-03-19";"85";"25";"67";"67"
"17495";"RR";"""26 00650/2025""";"2026";"3";"Baixa";"Alta";"Baixa";"Bom";"Bom";"Bom";"Bom";"BR-432";"41";"C";"41";"42";"1";"Pavimentada";"2026-03-18";"47.5";"25";"40,75";"67"
"17495";"RR";"""26 00650/2025""";"2026";"3";"Média";"Alta";"ND";"Bom";"Bom";"Bom";"Bom";"BR-432";"42";"C";"42";"43";"1";"Pavimentada";"2026-03-18";"55";"25";"46";"46"
"17495";"RR";"""26 00650/2025""";"2026";"3";"Média";"Alta";"ND";"Bom";"Bom";"Bom";"Bom";"BR-432";"42";"D";"43";"42";"1";"Pavimentada";"2026-03-19";"55";"25";"46";"46"
"17495";"RR";"""26 00650/2025""";"2026";"3";"Baixa";"Alta";"ND";"Bom";"Regular";"Ruim";"Ruim";"BR-432";"43";"D";"44";"43";"1";"Pavimentada";"2026-03-19";"42.5";"67.5";"50";"50"
"17495";"RR";"""26 00650/2025""";"2026";"3";"Média";"Alta";"ND";"Bom";"Bom";"Bom";"Bom";"BR-432";"43";"C";"43";"44";"1";"Pavimentada";"2026-03-18";"55";"25";"46";"50"
"17495";"RR";"""26 00650/2025""";"2026";"3";"Baixa";"Alta";"ND";"Bom";"Bom";"Ruim";"Ruim";"BR-432";"44";"C";"44";"45";"1";"Pavimentada";"2026-03-18";"42.5";"62.5";"48,5";"48.5"
"17495";"RR";"""26 00650/2025""";"2026";"3";"Média";"Alta";"ND";"Bom";"Bom";"Bom";"Bom";"BR-432";"44";"D";"45";"44";"1";"Pavimentada";"2026-03-19";"55";"25";"46";"48.5"
"17495";"RR";"""26 00650/2025""";"2026";"3";"ND";"Alta";"ND";"Bom";"Bom";"Bom";"Bom";"BR-432";"45";"D";"46";"45";"1";"Pavimentada";"2026-03-19";"30";"25";"28,5";"46"
"17495";"RR";"""26 00650/2025""";"2026";"3";"Média";"Alta";"ND";"Bom";"Bom";"Bom";"Bom";"BR-432";"45";"C";"45";"46";"1";"Pavimentada";"2026-03-18";"55";"25";"46";"46"
"17495";"RR";"""26 00650/2025""";"2026";"3";"ND";"ND";"ND";"Bom";"Bom";"Bom";"Bom";"BR-432";"46";"C";"46";"47";"1";"Pavimentada";"2026-03-18";"0";"25";"7,5";"7.5"
"17495";"RR";"""26 00650/2025""";"2026";"3";"ND";"ND";"ND";"Bom";"Bom";"Bom";"Bom";"BR-432";"46";"D";"47";"46";"1";"Pavimentada";"2026-03-19";"0";"25";"7,5";"7.5"
"17495";"RR";"""26 00650/2025""";"2026";"3";"ND";"Média";"ND";"Bom";"Bom";"Bom";"Bom";"BR-432";"47";"D";"48";"47";"1";"Pavimentada";"2026-03-19";"15";"25";"18";"28.5"
"17495";"RR";"""26 00650/2025""";"2026";"3";"ND";"Alta";"ND";"Bom";"Bom";"Bom";"Bom";"BR-432";"47";"C";"47";"48";"1";"Pavimentada";"2026-03-18";"30";"25";"28,5";"28.5"
"17495";"RR";"""26 00650/2025""";"2026";"3";"ND";"Alta";"ND";"Bom";"Bom";"Bom";"Bom";"BR-432";"48";"C";"48";"49";"1";"Pavimentada";"2026-03-18";"30";"25";"28,5";"28.5"
"17495";"RR";"""26 00650/2025""";"2026";"3";"ND";"Alta";"ND";"Bom";"Bom";"Bom";"Bom";"BR-432";"48";"D";"49";"48";"1";"Pavimentada";"2026-03-19";"30";"25";"28,5";"28.5"
"17495";"RR";"""26 00650/2025""";"2026";"3";"ND";"Alta";"ND";"Bom";"Bom";"Bom";"Bom";"BR-432";"49";"D";"50";"49";"1";"Pavimentada";"2026-03-19";"30";"25";"28,5";"46"
"17495";"RR";"""26 00650/2025""";"2026";"3";"Média";"Alta";"ND";"Bom";"Bom";"Bom";"Bom";"BR-432";"49";"C";"49";"50";"1";"Pavimentada";"2026-03-18";"55";"25";"46";"46"
"17495";"RR";"""26 00650/2025""";"2026";"3";"ND";"Alta";"ND";"Bom";"Bom";"Ruim";"Ruim";"BR-432";"50";"C";"50";"51";"1";"Pavimentada";"2026-03-18";"30";"62.5";"39,75";"39.75"
"17495";"RR";"""26 00650/2025""";"2026";"3";"ND";"Média";"ND";"Bom";"Bom";"Ruim";"Ruim";"BR-432";"50";"D";"51";"50";"1";"Pavimentada";"2026-03-19";"15";"62.5";"29,25";"39.75"
"17495";"RR";"""26 00650/2025""";"2026";"3";"Baixa";"Alta";"ND";"Bom";"Bom";"Bom";"Bom";"BR-432";"51";"D";"52";"51";"1";"Pavimentada";"2026-03-19";"42.5";"25";"37,25";"46"
"17495";"RR";"""26 00650/2025""";"2026";"3";"Média";"Alta";"ND";"Bom";"Bom";"Bom";"Bom";"BR-432";"51";"C";"51";"52";"1";"Pavimentada";"2026-03-18";"55";"25";"46";"46"
"17495";"RR";"""26 00650/2025""";"2026";"3";"Baixa";"Alta";"ND";"Bom";"Bom";"Ruim";"Ruim";"BR-432";"52";"C";"52";"53";"1";"Pavimentada";"2026-03-18";"42.5";"62.5";"48,5";"48.5"
"17495";"RR";"""26 00650/2025""";"2026";"3";"ND";"Alta";"Baixa";"Bom";"Bom";"Bom";"Bom";"BR-432";"52";"D";"53";"52";"1";"Pavimentada";"2026-03-19";"35";"25";"32";"48.5"
"17495";"RR";"""26 00650/2025""";"2026";"3";"Média";"Alta";"Baixa";"Bom";"Bom";"Bom";"Bom";"BR-432";"53";"D";"54";"53";"1";"Pavimentada";"2026-03-19";"60";"25";"49,5";"49.5"
"17495";"RR";"""26 00650/2025""";"2026";"3";"Baixa";"Alta";"ND";"Bom";"Bom";"Bom";"Bom";"BR-432";"53";"C";"53";"54";"1";"Pavimentada";"2026-03-18";"42.5";"25";"37,25";"49.5"
"17495";"RR";"""26 00650/2025""";"2026";"3";"Baixa";"Alta";"ND";"Bom";"Bom";"Bom";"Bom";"BR-432";"54";"C";"54";"55";"1";"Pavimentada";"2026-03-18";"42.5";"25";"37,25";"37.25"
"17495";"RR";"""26 00650/2025""";"2026";"3";"ND";"Alta";"ND";"Bom";"Bom";"Bom";"Bom";"BR-432";"54";"D";"55";"54";"1";"Pavimentada";"2026-03-19";"30";"25";"28,5";"37.25"
"17495";"RR";"""26 00650/2025""";"2026";"3";"Baixa";"Alta";"ND";"Bom";"ND";"Bom";"Bom";"BR-432";"55";"D";"56";"55";"1";"Pavimentada";"2026-03-19";"42.5";"20";"35,75";"46"
"17495";"RR";"""26 00650/2025""";"2026";"3";"Média";"Alta";"ND";"Bom";"Bom";"Bom";"Bom";"BR-432";"55";"C";"55";"56";"1";"Pavimentada";"2026-03-18";"55";"25";"46";"46"
"17495";"RR";"""26 00650/2025""";"2026";"3";"Baixa";"Alta";"ND";"Bom";"Bom";"Bom";"Bom";"BR-432";"56";"C";"56";"57";"1";"Pavimentada";"2026-03-18";"42.5";"25";"37,25";"37.25"
"17495";"RR";"""26 00650/2025""";"2026";"3";"Baixa";"Alta";"ND";"Bom";"Bom";"Bom";"Bom";"BR-432";"56";"D";"57";"56";"1";"Pavimentada";"2026-03-19";"42.5";"25";"37,25";"37.25"
"17495";"RR";"""26 00650/2025""";"2026";"3";"Média";"Alta";"ND";"Ruim";"Bom";"Bom";"Bom";"BR-432";"57";"D";"58";"57";"1";"Pavimentada";"2026-03-19";"55";"47.5";"52,75";"52.75"
"17495";"RR";"""26 00650/2025""";"2026";"3";"Baixa";"Alta";"ND";"Bom";"Bom";"Bom";"Bom";"BR-432";"57";"C";"57";"58";"1";"Pavimentada";"2026-03-18";"42.5";"25";"37,25";"52.75"
"17495";"RR";"""26 00650/2025""";"2026";"3";"Baixa";"Alta";"ND";"Bom";"Bom";"Bom";"Bom";"BR-432";"58";"C";"58";"59";"1";"Pavimentada";"2026-03-18";"42.5";"25";"37,25";"37.25"
"17495";"RR";"""26 00650/2025""";"2026";"3";"ND";"Alta";"ND";"Bom";"Bom";"Bom";"Bom";"BR-432";"58";"D";"59";"58";"1";"Pavimentada";"2026-03-19";"30";"25";"28,5";"37.25"
"17495";"RR";"""26 00650/2025""";"2026";"3";"ND";"ND";"ND";"Bom";"Bom";"Bom";"Bom";"BR-432";"59";"D";"60";"59";"1";"Pavimentada";"2026-03-19";"0";"25";"7,5";"37.25"
"17495";"RR";"""26 00650/2025""";"2026";"3";"Baixa";"Alta";"ND";"Bom";"Bom";"Bom";"Bom";"BR-432";"59";"C";"59";"60";"1";"Pavimentada";"2026-03-18";"42.5";"25";"37,25";"37.25"
"17495";"RR";"""26 00650/2025""";"2026";"3";"Alta";"Alta";"ND";"Bom";"Bom";"Bom";"Bom";"BR-432";"60";"C";"60";"61";"1";"Pavimentada";"2026-03-18";"80";"25";"63,5";"63.5"
"17495";"RR";"""26 00650/2025""";"2026";"3";"Baixa";"Média";"ND";"Bom";"Bom";"Bom";"Bom";"BR-432";"60";"D";"61";"60";"1";"Pavimentada";"2026-03-19";"27.5";"25";"26,75";"63.5"
"17495";"RR";"""26 00650/2025""";"2026";"3";"Baixa";"Média";"Baixa";"Bom";"Bom";"Bom";"Bom";"BR-432";"61";"D";"62";"61";"1";"Pavimentada";"2026-03-19";"32.5";"25";"30,25";"46"
"17495";"RR";"""26 00650/2025""";"2026";"3";"Média";"Alta";"ND";"Bom";"Bom";"Bom";"Bom";"BR-432";"61";"C";"61";"62";"1";"Pavimentada";"2026-03-18";"55";"25";"46";"46"
"17495";"RR";"""26 00650/2025""";"2026";"3";"Média";"Alta";"ND";"Bom";"Bom";"Bom";"Bom";"BR-432";"62";"C";"62";"63";"1";"Pavimentada";"2026-03-18";"55";"25";"46";"46"
"17495";"RR";"""26 00650/2025""";"2026";"3";"Média";"Alta";"ND";"Bom";"Bom";"Bom";"Bom";"BR-432";"62";"D";"63";"62";"1";"Pavimentada";"2026-03-19";"55";"25";"46";"46"
"17495";"RR";"""26 00650/2025""";"2026";"3";"Baixa";"Alta";"ND";"Bom";"Bom";"Bom";"Bom";"BR-432";"63";"D";"64";"63";"1";"Pavimentada";"2026-03-19";"42.5";"25";"37,25";"48.5"
"17495";"RR";"""26 00650/2025""";"2026";"3";"Baixa";"Alta";"ND";"Bom";"Bom";"Ruim";"Ruim";"BR-432";"63";"C";"63";"64";"1";"Pavimentada";"2026-03-18";"42.5";"62.5";"48,5";"48.5"
"17495";"RR";"""26 00650/2025""";"2026";"3";"Baixa";"Alta";"ND";"Bom";"Bom";"Ruim";"Ruim";"BR-432";"64";"C";"64";"65";"1";"Pavimentada";"2026-03-18";"42.5";"62.5";"48,5";"48.5"
"17495";"RR";"""26 00650/2025""";"2026";"3";"Baixa";"Baixa";"ND";"Bom";"Bom";"Bom";"Bom";"BR-432";"64";"D";"65";"64";"1";"Pavimentada";"2026-03-19";"20";"25";"21,5";"48.5"
"17495";"RR";"""26 00650/2025""";"2026";"3";"Alta";"Alta";"ND";"Bom";"Bom";"Bom";"Bom";"BR-432";"65";"D";"66";"65";"1";"Pavimentada";"2026-03-19";"80";"25";"63,5";"70.75"
"17495";"RR";"""26 00650/2025""";"2026";"3";"Alta";"Alta";"Baixa";"Bom";"Bom";"Regular";"Regular";"BR-432";"65";"C";"65";"66";"1";"Pavimentada";"2026-03-18";"85";"37.5";"70,75";"70.75"
"17495";"RR";"""26 00650/2025""";"2026";"3";"Baixa";"Baixa";"ND";"Bom";"Bom";"Bom";"Bom";"BR-432";"66";"C";"66";"67";"1";"Pavimentada";"2026-03-18";"20";"25";"21,5";"28.5"
"17495";"RR";"""26 00650/2025""";"2026";"3";"ND";"Alta";"ND";"Bom";"Bom";"Bom";"Bom";"BR-432";"66";"D";"67";"66";"1";"Pavimentada";"2026-03-19";"30";"25";"28,5";"28.5"
