"UF";"Contrato";"Ano";"Mes";"Rodovia";"km";"Sentido";"Panela";"Corrugacoes";"trilha_roda";"Secao_Transversal";"Poca_dagua";"Drenagem";"Poeira";"Km_Inicial";"Km_Final";"Num_Faixas";"Superfície";"Data Aval.";"ICM";"ICM_Unificado"
"AM";"""01 00673/2021""";"2025";"11";"BR-230";"642.6";"C";"ND";"ND";"ND";"ND";"0";"ND";"Bom";"642.6";"643";"1";"Não pavimentada";"2025-11-12";"2,5";"2.5"
"AM";"""01 00673/2021""";"2025";"5";"BR-230";"642.6";"D";"Média";"Média";"Regular";"Regular";"0";"Regular";"Bom";"643";"642.6";"1";"Não pavimentada";"2025-05-10";"73,75";"73.75"
"AM";"""01 00673/2021""";"2025";"5";"BR-230";"643";"D";"Média";"Baixa";"Bom";"Bom";"0";"Bom";"Bom";"644";"643";"1";"Não pavimentada";"2025-05-10";"56,25";"56.25"
"AM";"""01 00673/2021""";"2025";"11";"BR-230";"643";"C";"Baixa";"ND";"ND";"ND";"0";"ND";"Bom";"643";"644";"1";"Não pavimentada";"2025-11-12";"15";"15"
"AM";"""01 00673/2021""";"2025";"11";"BR-230";"644";"C";"ND";"ND";"ND";"ND";"0";"ND";"Bom";"644";"645";"1";"Não pavimentada";"2025-11-12";"2,5";"2.5"
"AM";"""01 00673/2021""";"2025";"5";"BR-230";"644";"D";"Média";"Média";"Regular";"Regular";"0";"Regular";"Bom";"645";"644";"1";"Não pavimentada";"2025-05-10";"73,75";"73.75"
"AM";"""01 00673/2021""";"2025";"5";"BR-230";"645";"D";"Alta";"Média";"Regular";"Regular";"0";"Regular";"Bom";"646";"645";"1";"Não pavimentada";"2025-05-10";"80";"80"
"AM";"""01 00673/2021""";"2025";"11";"BR-230";"645";"C";"ND";"ND";"ND";"ND";"0";"ND";"Bom";"645";"646";"1";"Não pavimentada";"2025-11-12";"2,5";"2.5"
"AM";"""01 00673/2021""";"2025";"11";"BR-230";"646";"C";"ND";"ND";"ND";"ND";"0";"ND";"Bom";"646";"647";"1";"Não pavimentada";"2025-11-12";"2,5";"2.5"
"AM";"""01 00673/2021""";"2025";"5";"BR-230";"646";"D";"Alta";"Média";"Regular";"Regular";"0";"Regular";"Bom";"647";"646";"1";"Não pavimentada";"2025-05-10";"80";"80"
"AM";"""01 00673/2021""";"2025";"5";"BR-230";"647";"D";"Média";"Média";"Regular";"Regular";"0";"Regular";"Bom";"648";"647";"1";"Não pavimentada";"2025-05-10";"73,75";"73.75"
"AM";"""01 00673/2021""";"2025";"11";"BR-230";"647";"C";"Baixa";"ND";"ND";"ND";"0";"ND";"Bom";"647";"648";"1";"Não pavimentada";"2025-11-12";"15";"15"
"AM";"""01 00673/2021""";"2025";"11";"BR-230";"648";"C";"ND";"ND";"ND";"ND";"0";"ND";"Bom";"648";"649";"1";"Não pavimentada";"2025-11-12";"2,5";"2.5"
"AM";"""01 00673/2021""";"2025";"5";"BR-230";"648";"D";"Média";"Média";"Regular";"Regular";"0";"Bom";"Bom";"649";"648";"1";"Não pavimentada";"2025-05-10";"71,25";"71.25"
"AM";"""01 00673/2021""";"2025";"5";"BR-230";"649";"D";"Média";"Média";"Regular";"Regular";"0";"Bom";"Bom";"650";"649";"1";"Não pavimentada";"2025-05-10";"71,25";"71.25"
"AM";"""01 00673/2021""";"2025";"11";"BR-230";"649";"C";"ND";"ND";"ND";"ND";"0";"ND";"Bom";"649";"650";"1";"Não pavimentada";"2025-11-12";"2,5";"2.5"
"AM";"""01 00673/2021""";"2025";"11";"BR-230";"650";"C";"Baixa";"ND";"ND";"ND";"0";"Bom";"Bom";"650";"651";"1";"Não pavimentada";"2025-11-12";"20";"20"
"AM";"""01 00673/2021""";"2025";"5";"BR-230";"650";"D";"Média";"Média";"Regular";"Regular";"0";"Regular";"Bom";"651";"650";"1";"Não pavimentada";"2025-05-10";"73,75";"73.75"
"AM";"""01 00673/2021""";"2025";"5";"BR-230";"651";"D";"Média";"Média";"Regular";"Regular";"0";"Regular";"Bom";"652";"651";"1";"Não pavimentada";"2025-05-10";"73,75";"73.75"
"AM";"""01 00673/2021""";"2025";"11";"BR-230";"651";"C";"ND";"ND";"ND";"ND";"0";"ND";"Bom";"651";"652";"1";"Não pavimentada";"2025-11-12";"2,5";"2.5"
"AM";"""01 00673/2021""";"2025";"11";"BR-230";"652";"C";"ND";"ND";"ND";"ND";"0";"ND";"Bom";"652";"653";"1";"Não pavimentada";"2025-11-12";"2,5";"2.5"
"AM";"""01 00673/2021""";"2025";"5";"BR-230";"652";"D";"Baixa";"Baixa";"Bom";"Bom";"0";"Bom";"Bom";"653";"652";"1";"Não pavimentada";"2025-05-10";"50";"50"
"AM";"""01 00673/2021""";"2025";"5";"BR-230";"653";"D";"Baixa";"Baixa";"Bom";"Bom";"0";"Bom";"Bom";"654";"653";"1";"Não pavimentada";"2025-05-10";"50";"50"
"AM";"""01 00673/2021""";"2025";"11";"BR-230";"653";"C";"ND";"ND";"ND";"ND";"0";"ND";"Bom";"653";"654";"1";"Não pavimentada";"2025-11-12";"2,5";"2.5"
"AM";"""01 00673/2021""";"2025";"11";"BR-230";"654";"C";"ND";"ND";"ND";"ND";"0";"ND";"Bom";"654";"655";"1";"Não pavimentada";"2025-11-12";"2,5";"2.5"
"AM";"""01 00673/2021""";"2025";"5";"BR-230";"654";"D";"Baixa";"Baixa";"Bom";"Bom";"0";"Bom";"Bom";"655";"654";"1";"Não pavimentada";"2025-05-10";"50";"50"
"AM";"""01 00673/2021""";"2025";"5";"BR-230";"655";"D";"Baixa";"Baixa";"Bom";"Bom";"0";"Bom";"Bom";"656";"655";"1";"Não pavimentada";"2025-05-10";"50";"50"
"AM";"""01 00673/2021""";"2025";"11";"BR-230";"655";"C";"ND";"ND";"ND";"ND";"0";"ND";"Bom";"655";"656";"1";"Não pavimentada";"2025-11-12";"2,5";"2.5"
"AM";"""01 00673/2021""";"2025";"11";"BR-230";"656";"C";"ND";"ND";"ND";"ND";"0";"ND";"Bom";"656";"657";"1";"Não pavimentada";"2025-11-12";"2,5";"2.5"
"AM";"""01 00673/2021""";"2025";"5";"BR-230";"656";"D";"Baixa";"Baixa";"Bom";"Bom";"0";"Bom";"Bom";"657";"656";"1";"Não pavimentada";"2025-05-10";"50";"50"
"AM";"""01 00673/2021""";"2025";"5";"BR-230";"657";"D";"Baixa";"Baixa";"Bom";"Bom";"0";"Bom";"Bom";"658";"657";"1";"Não pavimentada";"2025-05-10";"50";"50"
"AM";"""01 00673/2021""";"2025";"11";"BR-230";"657";"C";"ND";"ND";"ND";"ND";"0";"Bom";"Bom";"657";"658";"1";"Não pavimentada";"2025-11-12";"7,5";"7.5"
"AM";"""01 00673/2021""";"2025";"11";"BR-230";"658";"C";"ND";"ND";"ND";"ND";"0";"ND";"Bom";"658";"659";"1";"Não pavimentada";"2025-11-12";"2,5";"2.5"
"AM";"""01 00673/2021""";"2025";"5";"BR-230";"658";"D";"Baixa";"Baixa";"Bom";"Bom";"0";"Bom";"Bom";"659";"658";"1";"Não pavimentada";"2025-05-10";"50";"50"
"AM";"""01 00673/2021""";"2025";"5";"BR-230";"659";"D";"Baixa";"Baixa";"Bom";"Bom";"0";"Bom";"Bom";"660";"659";"1";"Não pavimentada";"2025-05-10";"50";"50"
"AM";"""01 00673/2021""";"2025";"11";"BR-230";"659";"C";"ND";"ND";"ND";"ND";"0";"ND";"Bom";"659";"660";"1";"Não pavimentada";"2025-11-12";"2,5";"2.5"
"AM";"""01 00673/2021""";"2025";"11";"BR-230";"660";"C";"ND";"ND";"ND";"ND";"0";"ND";"Bom";"660";"661";"1";"Não pavimentada";"2025-11-12";"2,5";"2.5"
"AM";"""01 00673/2021""";"2025";"5";"BR-230";"660";"D";"Baixa";"Baixa";"Bom";"Bom";"0";"Bom";"Bom";"661";"660";"1";"Não pavimentada";"2025-05-10";"50";"50"
"AM";"""01 00673/2021""";"2025";"5";"BR-230";"661";"D";"Baixa";"Baixa";"Bom";"Bom";"0";"Bom";"Bom";"662";"661";"1";"Não pavimentada";"2025-05-10";"50";"50"
"AM";"""01 00673/2021""";"2025";"11";"BR-230";"661";"C";"ND";"ND";"ND";"ND";"0";"ND";"Bom";"661";"662";"1";"Não pavimentada";"2025-11-12";"2,5";"2.5"
"AM";"""01 00673/2021""";"2025";"11";"BR-230";"662";"C";"ND";"ND";"ND";"ND";"0";"ND";"Bom";"662";"663";"1";"Não pavimentada";"2025-11-12";"2,5";"2.5"
"AM";"""01 00673/2021""";"2025";"5";"BR-230";"662";"D";"Baixa";"Baixa";"Bom";"Bom";"0";"Bom";"Bom";"663";"662";"1";"Não pavimentada";"2025-05-10";"50";"50"
"AM";"""01 00673/2021""";"2025";"5";"BR-230";"663";"D";"Baixa";"Baixa";"Bom";"Bom";"0";"Bom";"Bom";"664";"663";"1";"Não pavimentada";"2025-05-10";"50";"50"
"AM";"""01 00673/2021""";"2025";"11";"BR-230";"663";"C";"ND";"ND";"ND";"ND";"0";"Bom";"Bom";"663";"664";"1";"Não pavimentada";"2025-11-12";"7,5";"7.5"
"AM";"""01 00673/2021""";"2025";"11";"BR-230";"664";"C";"ND";"ND";"ND";"ND";"0";"Bom";"Bom";"664";"665";"1";"Não pavimentada";"2025-11-12";"7,5";"7.5"
"AM";"""01 00673/2021""";"2025";"5";"BR-230";"664";"D";"Baixa";"Baixa";"Bom";"Bom";"0";"Bom";"Bom";"665";"664";"1";"Não pavimentada";"2025-05-10";"50";"50"
"AM";"""01 00673/2021""";"2025";"5";"BR-230";"665";"D";"Baixa";"Baixa";"Bom";"Bom";"0";"Bom";"Bom";"666";"665";"1";"Não pavimentada";"2025-05-10";"50";"50"
"AM";"""01 00673/2021""";"2025";"11";"BR-230";"665";"C";"ND";"ND";"ND";"ND";"0";"ND";"Bom";"665";"666";"1";"Não pavimentada";"2025-11-12";"2,5";"2.5"
"AM";"""01 00673/2021""";"2025";"11";"BR-230";"666";"C";"ND";"ND";"ND";"ND";"0";"ND";"Bom";"666";"667";"1";"Não pavimentada";"2025-11-12";"2,5";"2.5"
"AM";"""01 00673/2021""";"2025";"5";"BR-230";"666";"D";"Baixa";"Baixa";"Bom";"Bom";"0";"Bom";"Bom";"667";"666";"1";"Não pavimentada";"2025-05-10";"50";"50"
"AM";"""01 00673/2021""";"2025";"5";"BR-230";"667";"D";"Baixa";"Baixa";"Bom";"Bom";"0";"Bom";"Bom";"668";"667";"1";"Não pavimentada";"2025-05-10";"50";"50"
"AM";"""01 00673/2021""";"2025";"11";"BR-230";"667";"C";"ND";"ND";"ND";"ND";"0";"Bom";"Bom";"667";"668";"1";"Não pavimentada";"2025-11-12";"7,5";"7.5"
"AM";"""01 00673/2021""";"2025";"11";"BR-230";"668";"C";"ND";"ND";"ND";"ND";"0";"ND";"Bom";"668";"669";"1";"Não pavimentada";"2025-11-12";"2,5";"2.5"
"AM";"""01 00673/2021""";"2025";"5";"BR-230";"668";"D";"Baixa";"Baixa";"Bom";"Bom";"0";"Bom";"Bom";"669";"668";"1";"Não pavimentada";"2025-05-10";"50";"50"
"AM";"""01 00673/2021""";"2025";"5";"BR-230";"669";"D";"Baixa";"Baixa";"Regular";"Bom";"0";"Regular";"Bom";"670";"669";"1";"Não pavimentada";"2025-05-10";"56,25";"56.25"
"AM";"""01 00673/2021""";"2025";"11";"BR-230";"669";"C";"ND";"ND";"ND";"ND";"0";"ND";"Bom";"669";"670";"1";"Não pavimentada";"2025-11-12";"2,5";"2.5"
"AM";"""01 00673/2021""";"2025";"11";"BR-230";"670";"C";"ND";"ND";"ND";"ND";"0";"ND";"Bom";"670";"671";"1";"Não pavimentada";"2025-11-12";"2,5";"2.5"
"AM";"""01 00673/2021""";"2025";"5";"BR-230";"670";"D";"Média";"Média";"Bom";"Bom";"0";"Bom";"Bom";"671";"670";"1";"Não pavimentada";"2025-05-10";"63,75";"63.75"
"AM";"""01 00673/2021""";"2025";"5";"BR-230";"671";"D";"Média";"Baixa";"Bom";"Regular";"0";"Bom";"Bom";"672";"671";"1";"Não pavimentada";"2025-05-10";"60";"60"
"AM";"""01 00673/2021""";"2025";"11";"BR-230";"671";"C";"ND";"ND";"ND";"ND";"0";"ND";"Bom";"671";"672";"1";"Não pavimentada";"2025-11-12";"2,5";"2.5"
"AM";"""01 00673/2021""";"2025";"11";"BR-230";"672";"C";"ND";"ND";"ND";"ND";"0";"ND";"Bom";"672";"673";"1";"Não pavimentada";"2025-11-12";"2,5";"2.5"
"AM";"""01 00673/2021""";"2025";"5";"BR-230";"672";"D";"Baixa";"Baixa";"Regular";"Bom";"0";"Bom";"Bom";"673";"672";"1";"Não pavimentada";"2025-05-10";"53,75";"53.75"
"AM";"""01 00673/2021""";"2025";"5";"BR-230";"673";"D";"Média";"Média";"Bom";"Regular";"0";"ND";"Regular";"674";"673";"1";"Não pavimentada";"2025-05-10";"63,75";"63.75"
"AM";"""01 00673/2021""";"2025";"11";"BR-230";"673";"C";"ND";"ND";"ND";"ND";"0";"ND";"Bom";"673";"674";"1";"Não pavimentada";"2025-11-12";"2,5";"2.5"
"AM";"""01 00673/2021""";"2025";"11";"BR-230";"674";"C";"ND";"ND";"ND";"ND";"0";"ND";"Bom";"674";"675";"1";"Não pavimentada";"2025-11-12";"2,5";"2.5"
"AM";"""01 00673/2021""";"2025";"5";"BR-230";"674";"D";"Média";"Baixa";"Regular";"Bom";"0";"Regular";"Bom";"675";"674";"1";"Não pavimentada";"2025-05-10";"62,5";"62.5"
"AM";"""01 00673/2021""";"2025";"5";"BR-230";"675";"D";"Média";"Alta";"Ruim";"Regular";"0";"Regular";"Regular";"676";"675";"1";"Não pavimentada";"2025-05-10";"86,25";"86.25"
"AM";"""01 00673/2021""";"2025";"11";"BR-230";"675";"C";"ND";"ND";"ND";"ND";"0";"ND";"Bom";"675";"676";"1";"Não pavimentada";"2025-11-12";"2,5";"2.5"
"AM";"""01 00673/2021""";"2025";"11";"BR-230";"676";"C";"ND";"ND";"ND";"ND";"0";"ND";"Bom";"676";"677";"1";"Não pavimentada";"2025-11-12";"2,5";"2.5"
"AM";"""01 00673/2021""";"2025";"5";"BR-230";"676";"D";"Baixa";"Baixa";"Ruim";"Ruim";"0";"Regular";"Regular";"677";"676";"1";"Não pavimentada";"2025-05-10";"68,75";"68.75"
"AM";"""01 00673/2021""";"2025";"5";"BR-230";"677";"D";"Média";"Média";"Regular";"Bom";"0";"Regular";"Regular";"678";"677";"1";"Não pavimentada";"2025-05-10";"71,25";"71.25"
"AM";"""01 00673/2021""";"2025";"11";"BR-230";"677";"C";"ND";"ND";"ND";"ND";"0";"ND";"Bom";"677";"678";"1";"Não pavimentada";"2025-11-12";"2,5";"2.5"
"AM";"""01 00673/2021""";"2025";"11";"BR-230";"678";"C";"Baixa";"ND";"ND";"ND";"0";"ND";"Bom";"678";"679";"1";"Não pavimentada";"2025-11-12";"15";"15"
"AM";"""01 00673/2021""";"2025";"5";"BR-230";"678";"D";"Média";"Baixa";"Regular";"Bom";"0";"Bom";"Bom";"679";"678";"1";"Não pavimentada";"2025-05-10";"60";"60"
"AM";"""01 00673/2021""";"2025";"5";"BR-230";"679";"D";"Média";"Baixa";"Regular";"Regular";"0";"Regular";"Regular";"680";"679";"1";"Não pavimentada";"2025-05-10";"67,5";"67.5"
"AM";"""01 00673/2021""";"2025";"11";"BR-230";"679";"C";"ND";"ND";"ND";"ND";"0";"ND";"Bom";"679";"680";"1";"Não pavimentada";"2025-11-12";"2,5";"2.5"
"AM";"""01 00673/2021""";"2025";"11";"BR-230";"680";"C";"ND";"ND";"ND";"ND";"0";"ND";"Bom";"680";"681";"1";"Não pavimentada";"2025-11-12";"2,5";"2.5"
"AM";"""01 00673/2021""";"2025";"5";"BR-230";"680";"D";"Alta";"Média";"Regular";"Regular";"0";"Regular";"Regular";"681";"680";"1";"Não pavimentada";"2025-05-10";"81,25";"81.25"
"AM";"""01 00673/2021""";"2025";"5";"BR-230";"681";"D";"Média";"Baixa";"Ruim";"Regular";"0";"Regular";"Bom";"682";"681";"1";"Não pavimentada";"2025-05-10";"70";"70"
"AM";"""01 00673/2021""";"2025";"11";"BR-230";"681";"C";"ND";"ND";"ND";"ND";"0";"ND";"Bom";"681";"682";"1";"Não pavimentada";"2025-11-12";"2,5";"2.5"
"AM";"""01 00673/2021""";"2025";"11";"BR-230";"682";"C";"ND";"ND";"ND";"ND";"0";"ND";"Bom";"682";"683";"1";"Não pavimentada";"2025-11-12";"2,5";"2.5"
"AM";"""01 00673/2021""";"2025";"5";"BR-230";"682";"D";"Alta";"Média";"Ruim";"Regular";"0";"Regular";"Ruim";"683";"682";"1";"Não pavimentada";"2025-05-10";"86,25";"86.25"
"AM";"""01 00673/2021""";"2025";"5";"BR-230";"683";"D";"Alta";"Média";"Bom";"Regular";"0";"Regular";"Regular";"684";"683";"1";"Não pavimentada";"2025-05-10";"77,5";"77.5"
"AM";"""01 00673/2021""";"2025";"11";"BR-230";"683";"C";"ND";"ND";"ND";"ND";"0";"ND";"Bom";"683";"684";"1";"Não pavimentada";"2025-11-12";"2,5";"2.5"
"AM";"""01 00673/2021""";"2025";"11";"BR-230";"684";"C";"ND";"ND";"ND";"ND";"0";"ND";"Bom";"684";"685";"1";"Não pavimentada";"2025-11-12";"2,5";"2.5"
"AM";"""01 00673/2021""";"2025";"5";"BR-230";"684";"D";"Média";"Média";"Regular";"Regular";"0";"Bom";"Bom";"685";"684";"1";"Não pavimentada";"2025-05-10";"71,25";"71.25"
"AM";"""01 00673/2021""";"2025";"5";"BR-230";"685";"D";"Baixa";"Baixa";"Regular";"Regular";"0";"Regular";"Regular";"686";"685";"1";"Não pavimentada";"2025-05-10";"61,25";"61.25"
"AM";"""01 00673/2021""";"2025";"11";"BR-230";"685";"C";"ND";"ND";"ND";"ND";"0";"ND";"Bom";"685";"686";"1";"Não pavimentada";"2025-11-12";"2,5";"2.5"
"AM";"""01 00673/2021""";"2025";"11";"BR-230";"686";"C";"ND";"ND";"ND";"ND";"0";"ND";"Bom";"686";"687";"1";"Não pavimentada";"2025-11-12";"2,5";"2.5"
"AM";"""01 00673/2021""";"2025";"5";"BR-230";"686";"D";"Baixa";"Baixa";"Regular";"Regular";"0";"Regular";"Regular";"687";"686";"1";"Não pavimentada";"2025-05-10";"61,25";"61.25"
"AM";"""01 00673/2021""";"2025";"5";"BR-230";"687";"D";"Média";"Média";"Regular";"Regular";"0";"Regular";"Bom";"688";"687";"1";"Não pavimentada";"2025-05-10";"73,75";"73.75"
"AM";"""01 00673/2021""";"2025";"11";"BR-230";"687";"C";"ND";"ND";"ND";"ND";"0";"ND";"Bom";"687";"688";"1";"Não pavimentada";"2025-11-12";"2,5";"2.5"
"AM";"""01 00673/2021""";"2025";"11";"BR-230";"688";"C";"ND";"ND";"ND";"ND";"0";"ND";"Bom";"688";"689";"1";"Não pavimentada";"2025-11-12";"2,5";"2.5"
"AM";"""01 00673/2021""";"2025";"5";"BR-230";"688";"D";"Alta";"Baixa";"Regular";"Regular";"0";"Regular";"Ruim";"689";"688";"1";"Não pavimentada";"2025-05-10";"75";"75"
"AM";"""01 00673/2021""";"2025";"5";"BR-230";"689";"D";"Alta";"Baixa";"Regular";"Regular";"0";"Regular";"Bom";"690";"689";"1";"Não pavimentada";"2025-05-10";"72,5";"72.5"
"AM";"""01 00673/2021""";"2025";"11";"BR-230";"689";"C";"ND";"ND";"ND";"ND";"0";"ND";"Bom";"689";"690";"1";"Não pavimentada";"2025-11-12";"2,5";"2.5"
"AM";"""01 00673/2021""";"2025";"11";"BR-230";"690";"C";"ND";"ND";"ND";"ND";"0";"Bom";"Bom";"690";"691";"1";"Não pavimentada";"2025-11-12";"7,5";"7.5"
"AM";"""01 00673/2021""";"2025";"5";"BR-230";"690";"D";"Alta";"Alta";"Bom";"Bom";"0";"Bom";"Bom";"691";"690";"1";"Não pavimentada";"2025-05-10";"77,5";"77.5"
"AM";"""01 00673/2021""";"2025";"5";"BR-230";"691";"D";"Alta";"Média";"Regular";"Regular";"0";"Regular";"Bom";"692";"691";"1";"Não pavimentada";"2025-05-10";"80";"80"
"AM";"""01 00673/2021""";"2025";"11";"BR-230";"691";"C";"Baixa";"ND";"ND";"ND";"0";"Bom";"Bom";"691";"692";"1";"Não pavimentada";"2025-11-12";"20";"20"
"AM";"""01 00673/2021""";"2025";"11";"BR-230";"692";"C";"ND";"ND";"ND";"ND";"0";"ND";"Bom";"692";"693";"1";"Não pavimentada";"2025-11-12";"2,5";"2.5"
"AM";"""01 00673/2021""";"2025";"5";"BR-230";"692";"D";"Alta";"Alta";"Regular";"Regular";"0";"Regular";"Regular";"693";"692";"1";"Não pavimentada";"2025-05-10";"88,75";"88.75"
"AM";"""01 00673/2021""";"2025";"5";"BR-230";"693";"D";"Alta";"Alta";"Regular";"ND";"0";"Regular";"Bom";"694";"693";"1";"Não pavimentada";"2025-05-10";"76,25";"76.25"
"AM";"""01 00673/2021""";"2025";"11";"BR-230";"693";"C";"ND";"ND";"ND";"ND";"0";"ND";"Bom";"693";"694";"1";"Não pavimentada";"2025-11-12";"2,5";"2.5"
"AM";"""01 00673/2021""";"2025";"11";"BR-230";"694";"C";"Baixa";"ND";"ND";"ND";"0";"Bom";"Bom";"694";"695";"1";"Não pavimentada";"2025-11-12";"20";"20"
"AM";"""01 00673/2021""";"2025";"5";"BR-230";"694";"D";"Alta";"Alta";"Regular";"Bom";"0";"Regular";"Ruim";"695";"694";"1";"Não pavimentada";"2025-05-10";"86,25";"86.25"
"AM";"""01 00673/2021""";"2025";"5";"BR-230";"695";"D";"Média";"Média";"Regular";"Regular";"0";"Regular";"Bom";"696";"695";"1";"Não pavimentada";"2025-05-10";"73,75";"73.75"
"AM";"""01 00673/2021""";"2025";"11";"BR-230";"695";"C";"ND";"ND";"ND";"ND";"0";"Bom";"Bom";"695";"696";"1";"Não pavimentada";"2025-11-12";"7,5";"7.5"
"AM";"""01 00673/2021""";"2025";"11";"BR-230";"696";"C";"ND";"ND";"ND";"ND";"0";"Bom";"Bom";"696";"697";"1";"Não pavimentada";"2025-11-12";"7,5";"7.5"
"AM";"""01 00673/2021""";"2025";"5";"BR-230";"696";"D";"Média";"Média";"Regular";"Regular";"0";"Regular";"Bom";"697";"696";"1";"Não pavimentada";"2025-05-10";"73,75";"73.75"
"AM";"""01 00673/2021""";"2025";"5";"BR-230";"697";"D";"Média";"Média";"Regular";"Regular";"0";"Regular";"Bom";"698";"697";"1";"Não pavimentada";"2025-05-10";"73,75";"73.75"
"AM";"""01 00673/2021""";"2025";"11";"BR-230";"697";"C";"ND";"ND";"ND";"ND";"0";"ND";"Bom";"697";"698";"1";"Não pavimentada";"2025-11-12";"2,5";"2.5"
"AM";"""01 00673/2021""";"2025";"11";"BR-230";"698";"C";"ND";"ND";"ND";"ND";"0";"Bom";"Bom";"698";"699";"1";"Não pavimentada";"2025-11-12";"7,5";"7.5"
"AM";"""01 00673/2021""";"2025";"5";"BR-230";"698";"D";"Alta";"Baixa";"Ruim";"Regular";"0";"Regular";"Bom";"699";"698";"1";"Não pavimentada";"2025-05-10";"76,25";"76.25"
"AM";"""01 00673/2021""";"2025";"5";"BR-230";"699";"D";"Alta";"Média";"Regular";"Regular";"0";"Regular";"Bom";"700";"699";"1";"Não pavimentada";"2025-05-10";"80";"80"
"AM";"""01 00673/2021""";"2025";"11";"BR-230";"699";"C";"ND";"ND";"ND";"ND";"0";"ND";"Bom";"699";"700";"1";"Não pavimentada";"2025-11-12";"2,5";"2.5"
"AM";"""01 00673/2021""";"2025";"11";"BR-230";"700";"C";"ND";"ND";"ND";"ND";"0";"Bom";"Bom";"700";"701";"1";"Não pavimentada";"2025-11-12";"7,5";"7.5"
"AM";"""01 00673/2021""";"2025";"5";"BR-230";"700";"D";"Alta";"Média";"Regular";"Regular";"0";"Regular";"Bom";"701";"700";"1";"Não pavimentada";"2025-05-10";"80";"80"
"AM";"""01 00673/2021""";"2025";"5";"BR-230";"701";"D";"Média";"Média";"Regular";"Regular";"0";"Regular";"Bom";"702";"701";"1";"Não pavimentada";"2025-05-10";"73,75";"73.75"
"AM";"""01 00673/2021""";"2025";"11";"BR-230";"701";"C";"ND";"ND";"ND";"ND";"0";"ND";"Bom";"701";"702";"1";"Não pavimentada";"2025-11-12";"2,5";"2.5"
"AM";"""01 00673/2021""";"2025";"11";"BR-230";"702";"C";"Baixa";"ND";"ND";"ND";"0";"ND";"Bom";"702";"703";"1";"Não pavimentada";"2025-11-12";"15";"15"
"AM";"""01 00673/2021""";"2025";"5";"BR-230";"702";"D";"Média";"Média";"Regular";"Regular";"0";"Regular";"Bom";"703";"702";"1";"Não pavimentada";"2025-05-10";"73,75";"73.75"
"AM";"""01 00673/2021""";"2025";"5";"BR-230";"703";"D";"Alta";"Média";"Regular";"Ruim";"0";"Regular";"Regular";"704";"703";"1";"Não pavimentada";"2025-05-10";"85";"85"
"AM";"""01 00673/2021""";"2025";"11";"BR-230";"703";"C";"Baixa";"ND";"ND";"ND";"0";"ND";"Bom";"703";"704";"1";"Não pavimentada";"2025-11-12";"15";"15"
"AM";"""01 00673/2021""";"2025";"11";"BR-230";"704";"C";"Baixa";"ND";"ND";"ND";"0";"ND";"Bom";"704";"705";"1";"Não pavimentada";"2025-11-12";"15";"15"
"AM";"""01 00673/2021""";"2025";"5";"BR-230";"704";"D";"Alta";"Alta";"Ruim";"Regular";"0";"Regular";"Ruim";"705";"704";"1";"Não pavimentada";"2025-05-10";"93,75";"93.75"
"AM";"""01 00673/2021""";"2025";"5";"BR-230";"705";"D";"Alta";"Alta";"Regular";"Ruim";"0";"Regular";"Regular";"706";"705";"1";"Não pavimentada";"2025-05-10";"92,5";"92.5"
"AM";"""01 00673/2021""";"2025";"11";"BR-230";"705";"C";"ND";"ND";"ND";"ND";"0";"Bom";"Bom";"705";"706";"1";"Não pavimentada";"2025-11-12";"7,5";"7.5"
"AM";"""01 00673/2021""";"2025";"11";"BR-230";"706";"C";"ND";"ND";"ND";"ND";"0";"Bom";"Bom";"706";"707";"1";"Não pavimentada";"2025-11-12";"7,5";"7.5"
"AM";"""01 00673/2021""";"2025";"5";"BR-230";"706";"D";"Alta";"Alta";"Ruim";"Regular";"0";"Regular";"Bom";"707";"706";"1";"Não pavimentada";"2025-05-10";"91,25";"91.25"
"AM";"""01 00673/2021""";"2025";"5";"BR-230";"707";"D";"Alta";"Alta";"Ruim";"Ruim";"0";"Ruim";"Bom";"708";"707";"1";"Não pavimentada";"2025-05-10";"97,5";"97.5"
"AM";"""01 00673/2021""";"2025";"11";"BR-230";"707";"C";"ND";"ND";"ND";"ND";"0";"ND";"Bom";"707";"708";"1";"Não pavimentada";"2025-11-12";"2,5";"2.5"
"AM";"""01 00673/2021""";"2025";"11";"BR-230";"708";"C";"ND";"ND";"ND";"ND";"0";"ND";"Bom";"708";"709";"1";"Não pavimentada";"2025-11-12";"2,5";"2.5"
"AM";"""01 00673/2021""";"2025";"5";"BR-230";"708";"D";"Média";"Média";"Regular";"Regular";"0";"Bom";"Bom";"709";"708";"1";"Não pavimentada";"2025-05-10";"71,25";"71.25"
"AM";"""01 00673/2021""";"2025";"5";"BR-230";"709";"D";"Alta";"Alta";"Regular";"Bom";"0";"Regular";"Regular";"710";"709";"1";"Não pavimentada";"2025-05-10";"85";"85"
"AM";"""01 00673/2021""";"2025";"11";"BR-230";"709";"C";"ND";"ND";"ND";"ND";"0";"ND";"Bom";"709";"710";"1";"Não pavimentada";"2025-11-12";"2,5";"2.5"
"AM";"""01 00673/2021""";"2025";"11";"BR-230";"710";"C";"ND";"ND";"ND";"ND";"0";"ND";"Bom";"710";"711";"1";"Não pavimentada";"2025-11-12";"2,5";"2.5"
"AM";"""01 00673/2021""";"2025";"5";"BR-230";"710";"D";"Alta";"Alta";"Ruim";"Ruim";"0";"Bom";"Regular";"711";"710";"1";"Não pavimentada";"2025-05-10";"93,75";"93.75"
"AM";"""01 00673/2021""";"2025";"5";"BR-230";"711";"D";"Alta";"Alta";"Ruim";"Ruim";"0";"Ruim";"Regular";"712";"711";"1";"Não pavimentada";"2025-05-10";"98,75";"98.75"
"AM";"""01 00673/2021""";"2025";"11";"BR-230";"711";"C";"ND";"ND";"ND";"ND";"0";"ND";"Bom";"711";"712";"1";"Não pavimentada";"2025-11-12";"2,5";"2.5"
"AM";"""01 00673/2021""";"2025";"11";"BR-230";"712";"C";"ND";"ND";"ND";"ND";"0";"ND";"Bom";"712";"713";"1";"Não pavimentada";"2025-11-12";"2,5";"2.5"
"AM";"""01 00673/2021""";"2025";"5";"BR-230";"712";"D";"Alta";"Alta";"Ruim";"Ruim";"0";"Ruim";"Bom";"713";"712";"1";"Não pavimentada";"2025-05-10";"97,5";"97.5"
"AM";"""01 00673/2021""";"2025";"5";"BR-230";"713";"D";"Alta";"Alta";"Regular";"Ruim";"0";"Regular";"Bom";"714";"713";"1";"Não pavimentada";"2025-05-10";"91,25";"91.25"
"AM";"""01 00673/2021""";"2025";"11";"BR-230";"713";"C";"ND";"ND";"ND";"ND";"0";"ND";"Bom";"713";"714";"1";"Não pavimentada";"2025-11-12";"2,5";"2.5"
"AM";"""01 00673/2021""";"2025";"11";"BR-230";"714";"C";"ND";"ND";"ND";"ND";"0";"Bom";"Bom";"714";"715";"1";"Não pavimentada";"2025-11-12";"7,5";"7.5"
"AM";"""01 00673/2021""";"2025";"5";"BR-230";"714";"D";"Alta";"Alta";"Ruim";"Ruim";"0";"Ruim";"Bom";"715";"714";"1";"Não pavimentada";"2025-05-10";"97,5";"97.5"
"AM";"""01 00673/2021""";"2025";"5";"BR-230";"715";"D";"Alta";"Alta";"Ruim";"Ruim";"0";"Ruim";"Bom";"716";"715";"1";"Não pavimentada";"2025-05-10";"97,5";"97.5"
"AM";"""01 00673/2021""";"2025";"11";"BR-230";"715";"C";"ND";"ND";"ND";"ND";"0";"ND";"Bom";"715";"716";"1";"Não pavimentada";"2025-11-12";"2,5";"2.5"
"AM";"""01 00673/2021""";"2025";"11";"BR-230";"716";"C";"ND";"ND";"ND";"ND";"0";"ND";"Bom";"716";"717";"1";"Não pavimentada";"2025-11-12";"2,5";"2.5"
"AM";"""01 00673/2021""";"2025";"5";"BR-230";"716";"D";"Alta";"Alta";"Ruim";"Ruim";"0";"Ruim";"Bom";"717";"716";"1";"Não pavimentada";"2025-05-10";"97,5";"97.5"
"AM";"""01 00673/2021""";"2025";"5";"BR-230";"717";"D";"Alta";"Alta";"Ruim";"Ruim";"0";"Ruim";"Bom";"718";"717";"1";"Não pavimentada";"2025-05-10";"97,5";"97.5"
"AM";"""01 00673/2021""";"2025";"11";"BR-230";"717";"C";"ND";"ND";"ND";"ND";"0";"ND";"Bom";"717";"718";"1";"Não pavimentada";"2025-11-12";"2,5";"2.5"
"AM";"""01 00673/2021""";"2025";"11";"BR-230";"718";"C";"ND";"ND";"ND";"ND";"0";"ND";"Bom";"718";"719";"1";"Não pavimentada";"2025-11-12";"2,5";"2.5"
"AM";"""01 00673/2021""";"2025";"5";"BR-230";"718";"D";"Alta";"Alta";"Ruim";"Ruim";"0";"Ruim";"Bom";"719";"718";"1";"Não pavimentada";"2025-05-10";"97,5";"97.5"
"AM";"""01 00673/2021""";"2025";"5";"BR-230";"719";"D";"Alta";"Média";"Bom";"Regular";"0";"Bom";"Regular";"720";"719";"1";"Não pavimentada";"2025-05-10";"75";"75"
"AM";"""01 00673/2021""";"2025";"11";"BR-230";"719";"C";"ND";"ND";"ND";"ND";"0";"ND";"Bom";"719";"720";"1";"Não pavimentada";"2025-11-12";"2,5";"2.5"
"AM";"""01 00673/2021""";"2025";"11";"BR-230";"720";"C";"ND";"ND";"ND";"ND";"0";"ND";"Bom";"720";"721";"1";"Não pavimentada";"2025-11-12";"2,5";"2.5"
"AM";"""01 00673/2021""";"2025";"5";"BR-230";"720";"D";"Alta";"Média";"Regular";"Regular";"0";"Regular";"Regular";"721";"720";"1";"Não pavimentada";"2025-05-10";"81,25";"81.25"
"AM";"""01 00673/2021""";"2025";"5";"BR-230";"721";"D";"Alta";"Média";"Regular";"Regular";"0";"Regular";"Bom";"722";"721";"1";"Não pavimentada";"2025-05-10";"80";"80"
"AM";"""01 00673/2021""";"2025";"11";"BR-230";"721";"C";"ND";"ND";"ND";"ND";"0";"ND";"Bom";"721";"722";"1";"Não pavimentada";"2025-11-12";"2,5";"2.5"
"AM";"""01 00673/2021""";"2025";"11";"BR-230";"722";"C";"ND";"ND";"ND";"ND";"0";"ND";"Bom";"722";"723";"1";"Não pavimentada";"2025-11-12";"2,5";"2.5"
"AM";"""01 00673/2021""";"2025";"5";"BR-230";"722";"D";"Alta";"Média";"Regular";"Regular";"0";"Bom";"Regular";"723";"722";"1";"Não pavimentada";"2025-05-10";"78,75";"78.75"
"AM";"""01 00673/2021""";"2025";"5";"BR-230";"723";"D";"Alta";"Baixa";"Regular";"Bom";"0";"Regular";"Bom";"724";"723";"1";"Não pavimentada";"2025-05-10";"68,75";"68.75"
"AM";"""01 00673/2021""";"2025";"11";"BR-230";"723";"C";"ND";"ND";"ND";"ND";"0";"ND";"Bom";"723";"724";"1";"Não pavimentada";"2025-11-12";"2,5";"2.5"
"AM";"""01 00673/2021""";"2025";"11";"BR-230";"724";"C";"ND";"ND";"ND";"ND";"0";"Bom";"Bom";"724";"725";"1";"Não pavimentada";"2025-11-12";"7,5";"7.5"
"AM";"""01 00673/2021""";"2025";"5";"BR-230";"724";"D";"Média";"Média";"Bom";"Regular";"0";"Regular";"Bom";"725";"724";"1";"Não pavimentada";"2025-05-10";"70";"70"
"AM";"""01 00673/2021""";"2025";"5";"BR-230";"725";"D";"Média";"Média";"Regular";"Ruim";"0";"Bom";"Bom";"726";"725";"1";"Não pavimentada";"2025-05-10";"75";"75"
"AM";"""01 00673/2021""";"2025";"11";"BR-230";"725";"C";"ND";"ND";"ND";"ND";"0";"ND";"Bom";"725";"726";"1";"Não pavimentada";"2025-11-12";"2,5";"2.5"
"AM";"""01 00673/2021""";"2025";"11";"BR-230";"726";"C";"ND";"ND";"ND";"ND";"0";"ND";"Bom";"726";"727";"1";"Não pavimentada";"2025-11-12";"2,5";"2.5"
"AM";"""01 00673/2021""";"2025";"5";"BR-230";"726";"D";"Baixa";"Média";"Regular";"Regular";"0";"Bom";"Bom";"727";"726";"1";"Não pavimentada";"2025-05-10";"65";"65"
"AM";"""01 00673/2021""";"2025";"5";"BR-230";"727";"D";"Alta";"Média";"ND";"Ruim";"0";"Bom";"Bom";"728";"727";"1";"Não pavimentada";"2025-05-10";"70";"70"
"AM";"""01 00673/2021""";"2025";"11";"BR-230";"727";"C";"ND";"ND";"ND";"ND";"0";"ND";"Bom";"727";"728";"1";"Não pavimentada";"2025-11-12";"2,5";"2.5"
"AM";"""01 00673/2021""";"2025";"11";"BR-230";"728";"C";"ND";"ND";"ND";"ND";"0";"ND";"Bom";"728";"729";"1";"Não pavimentada";"2025-11-12";"2,5";"2.5"
"AM";"""01 00673/2021""";"2025";"5";"BR-230";"728";"D";"Baixa";"Baixa";"Bom";"Regular";"0";"Bom";"Bom";"729";"728";"1";"Não pavimentada";"2025-05-10";"53,75";"53.75"
"AM";"""01 00673/2021""";"2025";"5";"BR-230";"729";"D";"Baixa";"Baixa";"Bom";"Bom";"0";"Bom";"Bom";"730";"729";"1";"Não pavimentada";"2025-05-10";"50";"50"
"AM";"""01 00673/2021""";"2025";"11";"BR-230";"729";"C";"ND";"ND";"ND";"ND";"0";"ND";"Bom";"729";"730";"1";"Não pavimentada";"2025-11-12";"2,5";"2.5"
"AM";"""01 00673/2021""";"2025";"11";"BR-230";"730";"C";"ND";"ND";"ND";"ND";"0";"ND";"Bom";"730";"731";"1";"Não pavimentada";"2025-11-12";"2,5";"2.5"
"AM";"""01 00673/2021""";"2025";"5";"BR-230";"730";"D";"Baixa";"Média";"Regular";"Bom";"0";"Bom";"Bom";"731";"730";"1";"Não pavimentada";"2025-05-10";"61,25";"61.25"
"AM";"""01 00673/2021""";"2025";"5";"BR-230";"731";"D";"Baixa";"Média";"Regular";"Bom";"0";"Bom";"Regular";"732";"731";"1";"Não pavimentada";"2025-05-10";"62,5";"62.5"
"AM";"""01 00673/2021""";"2025";"11";"BR-230";"731";"C";"ND";"ND";"ND";"ND";"0";"ND";"Bom";"731";"732";"1";"Não pavimentada";"2025-11-12";"2,5";"2.5"
"AM";"""01 00673/2021""";"2025";"11";"BR-230";"732";"C";"ND";"ND";"ND";"ND";"0";"ND";"Bom";"732";"733";"1";"Não pavimentada";"2025-11-12";"2,5";"2.5"
"AM";"""01 00673/2021""";"2025";"5";"BR-230";"732";"D";"Baixa";"Baixa";"Bom";"Bom";"0";"Bom";"Bom";"733";"732";"1";"Não pavimentada";"2025-05-10";"50";"50"
"AM";"""01 00673/2021""";"2025";"5";"BR-230";"733";"D";"Baixa";"Média";"Bom";"Bom";"0";"Bom";"Regular";"734";"733";"1";"Não pavimentada";"2025-05-10";"58,75";"58.75"
"AM";"""01 00673/2021""";"2025";"11";"BR-230";"733";"C";"ND";"ND";"ND";"ND";"0";"ND";"Bom";"733";"734";"1";"Não pavimentada";"2025-11-12";"2,5";"2.5"
"AM";"""01 00673/2021""";"2025";"11";"BR-230";"734";"C";"ND";"ND";"ND";"ND";"0";"ND";"Bom";"734";"735";"1";"Não pavimentada";"2025-11-12";"2,5";"2.5"
"AM";"""01 00673/2021""";"2025";"5";"BR-230";"734";"D";"Média";"Baixa";"Regular";"Regular";"0";"Ruim";"Bom";"735";"734";"1";"Não pavimentada";"2025-05-10";"68,75";"68.75"
"AM";"""01 00673/2021""";"2025";"5";"BR-230";"735";"D";"Média";"Média";"Regular";"Regular";"0";"Regular";"Bom";"736";"735";"1";"Não pavimentada";"2025-05-10";"73,75";"73.75"
"AM";"""01 00673/2021""";"2025";"11";"BR-230";"735";"C";"Baixa";"Baixa";"ND";"ND";"0";"ND";"Bom";"735";"736";"1";"Não pavimentada";"2025-11-12";"30";"30"
"AM";"""01 00673/2021""";"2025";"11";"BR-230";"736";"C";"Baixa";"Baixa";"ND";"ND";"0";"ND";"Bom";"736";"737";"1";"Não pavimentada";"2025-11-12";"30";"30"
"AM";"""01 00673/2021""";"2025";"5";"BR-230";"736";"D";"Baixa";"Baixa";"Bom";"Regular";"0";"Bom";"Bom";"737";"736";"1";"Não pavimentada";"2025-05-10";"53,75";"53.75"
"AM";"""01 00673/2021""";"2025";"5";"BR-230";"737";"D";"Média";"Média";"Bom";"Regular";"0";"Regular";"Regular";"738";"737";"1";"Não pavimentada";"2025-05-10";"71,25";"71.25"
"AM";"""01 00673/2021""";"2025";"11";"BR-230";"737";"C";"Baixa";"Baixa";"ND";"ND";"0";"ND";"Bom";"737";"738";"1";"Não pavimentada";"2025-11-12";"30";"30"
"AM";"""01 00673/2021""";"2025";"11";"BR-230";"738";"C";"Baixa";"Baixa";"ND";"ND";"0";"ND";"Bom";"738";"739";"1";"Não pavimentada";"2025-11-12";"30";"30"
"AM";"""01 00673/2021""";"2025";"5";"BR-230";"738";"D";"Média";"Baixa";"Regular";"Bom";"0";"Regular";"Bom";"739";"738";"1";"Não pavimentada";"2025-05-10";"62,5";"62.5"
"AM";"""01 00673/2021""";"2025";"5";"BR-230";"739";"D";"Média";"Média";"Bom";"Regular";"0";"Regular";"Bom";"740";"739";"1";"Não pavimentada";"2025-05-10";"70";"70"
"AM";"""01 00673/2021""";"2025";"11";"BR-230";"739";"C";"Baixa";"Baixa";"ND";"ND";"0";"ND";"Bom";"739";"740";"1";"Não pavimentada";"2025-11-12";"30";"30"
"AM";"""01 00673/2021""";"2025";"11";"BR-230";"740";"C";"Baixa";"Baixa";"ND";"ND";"0";"ND";"Bom";"740";"741";"1";"Não pavimentada";"2025-11-12";"30";"30"
"AM";"""01 00673/2021""";"2025";"5";"BR-230";"740";"D";"Média";"Baixa";"Regular";"Bom";"0";"Regular";"Bom";"741";"740";"1";"Não pavimentada";"2025-05-10";"62,5";"62.5"
"AM";"""01 00673/2021""";"2025";"5";"BR-230";"741";"D";"Alta";"Média";"Regular";"Regular";"0";"Regular";"Bom";"742";"741";"1";"Não pavimentada";"2025-05-10";"80";"80"
"AM";"""01 00673/2021""";"2025";"11";"BR-230";"741";"C";"Baixa";"Baixa";"ND";"ND";"0";"ND";"Bom";"741";"742";"1";"Não pavimentada";"2025-11-12";"30";"30"
"AM";"""01 00673/2021""";"2025";"11";"BR-230";"742";"C";"Baixa";"Baixa";"ND";"ND";"0";"ND";"Bom";"742";"743";"1";"Não pavimentada";"2025-11-12";"30";"30"
"AM";"""01 00673/2021""";"2025";"5";"BR-230";"742";"D";"Média";"Baixa";"Bom";"Bom";"0";"Ruim";"Bom";"743";"742";"1";"Não pavimentada";"2025-05-10";"61,25";"61.25"
"AM";"""01 00673/2021""";"2025";"5";"BR-230";"743";"D";"Média";"Baixa";"Regular";"Bom";"0";"Bom";"Bom";"744";"743";"1";"Não pavimentada";"2025-05-10";"60";"60"
"AM";"""01 00673/2021""";"2025";"11";"BR-230";"743";"C";"Baixa";"Baixa";"ND";"ND";"0";"ND";"Bom";"743";"744";"1";"Não pavimentada";"2025-11-12";"30";"30"
"AM";"""01 00673/2021""";"2025";"11";"BR-230";"744";"C";"ND";"ND";"ND";"Bom";"0";"ND";"Bom";"744";"745";"1";"Não pavimentada";"2025-11-12";"10";"10"
"AM";"""01 00673/2021""";"2025";"5";"BR-230";"744";"D";"Média";"Baixa";"Bom";"Bom";"0";"Regular";"Bom";"745";"744";"1";"Não pavimentada";"2025-05-10";"58,75";"58.75"
"AM";"""01 00673/2021""";"2025";"5";"BR-230";"745";"D";"Média";"Baixa";"Regular";"Bom";"0";"Bom";"Bom";"746";"745";"1";"Não pavimentada";"2025-05-10";"60";"60"
"AM";"""01 00673/2021""";"2025";"11";"BR-230";"745";"C";"Baixa";"Baixa";"ND";"ND";"0";"ND";"Bom";"745";"746";"1";"Não pavimentada";"2025-11-12";"30";"30"
"AM";"""01 00673/2021""";"2025";"11";"BR-230";"746";"C";"Baixa";"Baixa";"ND";"ND";"0";"ND";"Bom";"746";"747";"1";"Não pavimentada";"2025-11-12";"30";"30"
"AM";"""01 00673/2021""";"2025";"5";"BR-230";"746";"D";"Média";"Baixa";"Regular";"Regular";"0";"Bom";"Bom";"747";"746";"1";"Não pavimentada";"2025-05-10";"63,75";"63.75"
"AM";"""01 00673/2021""";"2025";"5";"BR-230";"747";"D";"Média";"Baixa";"Bom";"Regular";"0";"Regular";"Bom";"748";"747";"1";"Não pavimentada";"2025-05-10";"62,5";"62.5"
"AM";"""01 00673/2021""";"2025";"11";"BR-230";"747";"C";"ND";"ND";"ND";"ND";"0";"ND";"Bom";"747";"748";"1";"Não pavimentada";"2025-11-12";"2,5";"2.5"
"AM";"""01 00673/2021""";"2025";"11";"BR-230";"748";"C";"Baixa";"Baixa";"ND";"ND";"0";"ND";"Bom";"748";"749";"1";"Não pavimentada";"2025-11-12";"30";"30"
"AM";"""01 00673/2021""";"2025";"5";"BR-230";"748";"D";"Baixa";"Baixa";"Bom";"Regular";"0";"Bom";"Bom";"749";"748";"1";"Não pavimentada";"2025-05-10";"53,75";"53.75"
"AM";"""01 00673/2021""";"2025";"5";"BR-230";"749";"D";"Baixa";"Baixa";"Bom";"Regular";"0";"Bom";"Bom";"750";"749";"1";"Não pavimentada";"2025-05-10";"53,75";"53.75"
"AM";"""01 00673/2021""";"2025";"11";"BR-230";"749";"C";"Baixa";"Baixa";"ND";"ND";"0";"ND";"Bom";"749";"750";"1";"Não pavimentada";"2025-11-12";"30";"30"
"AM";"""01 00673/2021""";"2025";"11";"BR-230";"750";"C";"Baixa";"Baixa";"ND";"ND";"0";"ND";"Bom";"750";"751";"1";"Não pavimentada";"2025-11-12";"30";"30"
"AM";"""01 00673/2021""";"2025";"5";"BR-230";"750";"D";"Média";"Baixa";"Bom";"Regular";"0";"Regular";"Bom";"751";"750";"1";"Não pavimentada";"2025-05-10";"62,5";"62.5"
"AM";"""01 00673/2021""";"2025";"5";"BR-230";"751";"D";"Baixa";"Baixa";"Bom";"Bom";"0";"Bom";"Bom";"752";"751";"1";"Não pavimentada";"2025-05-10";"50";"50"
"AM";"""01 00673/2021""";"2025";"11";"BR-230";"751";"C";"Baixa";"Baixa";"ND";"ND";"0";"ND";"Bom";"751";"752";"1";"Não pavimentada";"2025-11-12";"30";"30"
"AM";"""01 00673/2021""";"2025";"11";"BR-230";"752";"C";"Baixa";"Baixa";"ND";"ND";"0";"ND";"Bom";"752";"753";"1";"Não pavimentada";"2025-11-12";"30";"30"
"AM";"""01 00673/2021""";"2025";"5";"BR-230";"752";"D";"Média";"Baixa";"Bom";"Bom";"0";"Bom";"Regular";"753";"752";"1";"Não pavimentada";"2025-05-10";"57,5";"57.5"
"AM";"""01 00673/2021""";"2025";"5";"BR-230";"753";"D";"Média";"Baixa";"Bom";"Regular";"0";"Bom";"Bom";"754";"753";"1";"Não pavimentada";"2025-05-10";"60";"60"
"AM";"""01 00673/2021""";"2025";"11";"BR-230";"753";"C";"Baixa";"Baixa";"ND";"ND";"0";"ND";"Bom";"753";"754";"1";"Não pavimentada";"2025-11-12";"30";"30"
"AM";"""01 00673/2021""";"2025";"11";"BR-230";"754";"C";"Baixa";"Baixa";"ND";"Bom";"0";"ND";"Bom";"754";"755";"1";"Não pavimentada";"2025-11-12";"37,5";"37.5"
"AM";"""01 00673/2021""";"2025";"5";"BR-230";"754";"D";"Média";"Baixa";"Bom";"Regular";"0";"Regular";"Bom";"755";"754";"1";"Não pavimentada";"2025-05-10";"62,5";"62.5"
"AM";"""01 00673/2021""";"2025";"5";"BR-230";"755";"D";"Baixa";"Baixa";"Bom";"Bom";"0";"Regular";"Regular";"756";"755";"1";"Não pavimentada";"2025-05-10";"53,75";"53.75"
"AM";"""01 00673/2021""";"2025";"11";"BR-230";"755";"C";"ND";"ND";"ND";"ND";"0";"ND";"Bom";"755";"756";"1";"Não pavimentada";"2025-11-12";"2,5";"2.5"
"AM";"""01 00673/2021""";"2025";"11";"BR-230";"756";"C";"Baixa";"Baixa";"ND";"Bom";"0";"ND";"Bom";"756";"757";"1";"Não pavimentada";"2025-11-12";"37,5";"37.5"
"AM";"""01 00673/2021""";"2025";"5";"BR-230";"756";"D";"Média";"Média";"Bom";"Regular";"0";"Bom";"Bom";"757";"756";"1";"Não pavimentada";"2025-05-10";"67,5";"67.5"
"AM";"""01 00673/2021""";"2025";"5";"BR-230";"757";"D";"Baixa";"Baixa";"Bom";"Regular";"0";"Bom";"Bom";"758";"757";"1";"Não pavimentada";"2025-05-10";"53,75";"53.75"
"AM";"""01 00673/2021""";"2025";"11";"BR-230";"757";"C";"Baixa";"Baixa";"ND";"Bom";"0";"ND";"Bom";"757";"758";"1";"Não pavimentada";"2025-11-12";"37,5";"37.5"
"AM";"""01 00673/2021""";"2025";"11";"BR-230";"758";"C";"Baixa";"Baixa";"ND";"Bom";"0";"ND";"Bom";"758";"759";"1";"Não pavimentada";"2025-11-12";"37,5";"37.5"
"AM";"""01 00673/2021""";"2025";"5";"BR-230";"758";"D";"Baixa";"Baixa";"Bom";"Bom";"0";"Bom";"Bom";"759";"758";"1";"Não pavimentada";"2025-05-10";"50";"50"
"AM";"""01 00673/2021""";"2025";"5";"BR-230";"759";"D";"Baixa";"Baixa";"Bom";"Bom";"0";"Bom";"Bom";"760";"759";"1";"Não pavimentada";"2025-05-10";"50";"50"
"AM";"""01 00673/2021""";"2025";"11";"BR-230";"759";"C";"Baixa";"Baixa";"ND";"Bom";"0";"ND";"Bom";"759";"760";"1";"Não pavimentada";"2025-11-12";"37,5";"37.5"
"AM";"""01 00673/2021""";"2025";"11";"BR-230";"760";"C";"Baixa";"Baixa";"ND";"Bom";"0";"ND";"Bom";"760";"761";"1";"Não pavimentada";"2025-11-12";"37,5";"37.5"
"AM";"""01 00673/2021""";"2025";"5";"BR-230";"760";"D";"Baixa";"Baixa";"Bom";"Bom";"0";"Bom";"Bom";"761";"760";"1";"Não pavimentada";"2025-05-10";"50";"50"
"AM";"""01 00673/2021""";"2025";"5";"BR-230";"761";"D";"Média";"Média";"Ruim";"Ruim";"0";"Ruim";"Regular";"762";"761";"1";"Não pavimentada";"2025-05-10";"85";"85"
"AM";"""01 00673/2021""";"2025";"11";"BR-230";"761";"C";"Baixa";"Baixa";"ND";"Bom";"0";"ND";"Bom";"761";"762";"1";"Não pavimentada";"2025-11-12";"37,5";"37.5"
"AM";"""01 00673/2021""";"2025";"11";"BR-230";"762";"C";"Baixa";"Baixa";"ND";"Bom";"0";"ND";"Bom";"762";"763";"1";"Não pavimentada";"2025-11-12";"37,5";"37.5"
"AM";"""01 00673/2021""";"2025";"5";"BR-230";"762";"D";"Média";"Média";"Regular";"Bom";"0";"Regular";"Regular";"763";"762";"1";"Não pavimentada";"2025-05-10";"71,25";"71.25"
"AM";"""01 00673/2021""";"2025";"5";"BR-230";"763";"D";"Média";"Média";"Regular";"Ruim";"0";"Bom";"Regular";"764";"763";"1";"Não pavimentada";"2025-05-10";"76,25";"76.25"
"AM";"""01 00673/2021""";"2025";"11";"BR-230";"763";"C";"Baixa";"Baixa";"ND";"Bom";"0";"ND";"Bom";"763";"764";"1";"Não pavimentada";"2025-11-12";"37,5";"37.5"
"AM";"""01 00673/2021""";"2025";"11";"BR-230";"764";"C";"Baixa";"Baixa";"ND";"Bom";"0";"ND";"Bom";"764";"765";"1";"Não pavimentada";"2025-11-12";"37,5";"37.5"
"AM";"""01 00673/2021""";"2025";"5";"BR-230";"764";"D";"Baixa";"Baixa";"Regular";"Bom";"0";"Ruim";"Regular";"765";"764";"1";"Não pavimentada";"2025-05-10";"60";"60"
"AM";"""01 00673/2021""";"2025";"5";"BR-230";"765";"D";"Alta";"Baixa";"Bom";"Bom";"0";"Bom";"Regular";"766";"765";"1";"Não pavimentada";"2025-05-10";"63,75";"63.75"
"AM";"""01 00673/2021""";"2025";"11";"BR-230";"765";"C";"Baixa";"Baixa";"ND";"Bom";"0";"ND";"Bom";"765";"766";"1";"Não pavimentada";"2025-11-12";"37,5";"37.5"
"AM";"""01 00673/2021""";"2025";"11";"BR-230";"766";"C";"Baixa";"Baixa";"ND";"Bom";"0";"ND";"Bom";"766";"767";"1";"Não pavimentada";"2025-11-12";"37,5";"37.5"
"AM";"""01 00673/2021""";"2025";"5";"BR-230";"766";"D";"Baixa";"Baixa";"Regular";"Regular";"0";"Bom";"Regular";"767";"766";"1";"Não pavimentada";"2025-05-10";"58,75";"58.75"
"AM";"""01 00673/2021""";"2025";"5";"BR-230";"767";"D";"Baixa";"Baixa";"Regular";"Ruim";"0";"Ruim";"Ruim";"768";"767";"1";"Não pavimentada";"2025-05-10";"68,75";"68.75"
"AM";"""01 00673/2021""";"2025";"11";"BR-230";"767";"C";"ND";"ND";"ND";"ND";"0";"ND";"Bom";"767";"768";"1";"Não pavimentada";"2025-11-12";"2,5";"2.5"
"AM";"""01 00673/2021""";"2025";"11";"BR-230";"768";"C";"ND";"ND";"ND";"ND";"0";"ND";"Bom";"768";"769";"1";"Não pavimentada";"2025-11-12";"2,5";"2.5"
"AM";"""01 00673/2021""";"2025";"5";"BR-230";"768";"D";"Baixa";"Média";"Regular";"Regular";"0";"Regular";"Bom";"769";"768";"1";"Não pavimentada";"2025-05-10";"67,5";"67.5"
"AM";"""01 00673/2021""";"2025";"5";"BR-230";"769";"D";"Baixa";"Baixa";"Regular";"Bom";"0";"Regular";"Regular";"770";"769";"1";"Não pavimentada";"2025-05-10";"57,5";"57.5"
"AM";"""01 00673/2021""";"2025";"11";"BR-230";"769";"C";"ND";"ND";"ND";"ND";"0";"ND";"Bom";"769";"770";"1";"Não pavimentada";"2025-11-12";"2,5";"2.5"
"AM";"""01 00673/2021""";"2025";"11";"BR-230";"770";"C";"ND";"ND";"ND";"ND";"0";"ND";"Bom";"770";"771";"1";"Não pavimentada";"2025-11-12";"2,5";"2.5"
"AM";"""01 00673/2021""";"2025";"5";"BR-230";"770";"D";"Baixa";"Média";"Regular";"Ruim";"0";"ND";"Ruim";"771";"770";"1";"Não pavimentada";"2025-05-10";"66,25";"66.25"
"AM";"""01 00673/2021""";"2025";"5";"BR-230";"771";"D";"Média";"Alta";"Regular";"Bom";"0";"Regular";"Bom";"772";"771";"1";"Não pavimentada";"2025-05-10";"77,5";"77.5"
"AM";"""01 00673/2021""";"2025";"11";"BR-230";"771";"C";"ND";"ND";"ND";"ND";"0";"ND";"Bom";"771";"772";"1";"Não pavimentada";"2025-11-12";"2,5";"2.5"
"AM";"""01 00673/2021""";"2025";"11";"BR-230";"772";"C";"ND";"ND";"ND";"ND";"0";"ND";"Bom";"772";"773";"1";"Não pavimentada";"2025-11-12";"2,5";"2.5"
"AM";"""01 00673/2021""";"2025";"5";"BR-230";"772";"D";"Baixa";"Baixa";"Ruim";"Regular";"0";"Ruim";"Regular";"773";"772";"1";"Não pavimentada";"2025-05-10";"67,5";"67.5"
"AM";"""01 00673/2021""";"2025";"5";"BR-230";"773";"D";"Alta";"Média";"Regular";"Ruim";"0";"Regular";"Ruim";"774";"773";"1";"Não pavimentada";"2025-05-10";"86,25";"86.25"
"AM";"""01 00673/2021""";"2025";"11";"BR-230";"773";"C";"ND";"ND";"ND";"ND";"0";"ND";"Bom";"773";"774";"1";"Não pavimentada";"2025-11-12";"2,5";"2.5"
"AM";"""01 00673/2021""";"2025";"11";"BR-230";"774";"C";"ND";"ND";"ND";"ND";"0";"ND";"Bom";"774";"775";"1";"Não pavimentada";"2025-11-12";"2,5";"2.5"
"AM";"""01 00673/2021""";"2025";"5";"BR-230";"774";"D";"Baixa";"Baixa";"Regular";"Regular";"0";"Regular";"Regular";"775";"774";"1";"Não pavimentada";"2025-05-10";"61,25";"61.25"
"AM";"""01 00673/2021""";"2025";"5";"BR-230";"775";"D";"Baixa";"Média";"Bom";"Bom";"0";"Regular";"Regular";"776";"775";"1";"Não pavimentada";"2025-05-10";"61,25";"61.25"
"AM";"""01 00673/2021""";"2025";"11";"BR-230";"775";"C";"ND";"ND";"ND";"ND";"0";"ND";"Bom";"775";"776";"1";"Não pavimentada";"2025-11-12";"2,5";"2.5"
"AM";"""01 00673/2021""";"2025";"11";"BR-230";"776";"C";"ND";"ND";"ND";"ND";"0";"ND";"Bom";"776";"777";"1";"Não pavimentada";"2025-11-12";"2,5";"2.5"
"AM";"""01 00673/2021""";"2025";"5";"BR-230";"776";"D";"Média";"Baixa";"Regular";"Regular";"0";"Regular";"Regular";"777";"776";"1";"Não pavimentada";"2025-05-10";"67,5";"67.5"
"AM";"""01 00673/2021""";"2025";"5";"BR-230";"777";"D";"Média";"Média";"Regular";"Regular";"0";"ND";"Bom";"778";"777";"1";"Não pavimentada";"2025-05-10";"66,25";"66.25"
"AM";"""01 00673/2021""";"2025";"11";"BR-230";"777";"C";"ND";"ND";"ND";"ND";"0";"ND";"Bom";"777";"778";"1";"Não pavimentada";"2025-11-12";"2,5";"2.5"
"AM";"""01 00673/2021""";"2025";"11";"BR-230";"778";"C";"ND";"ND";"ND";"ND";"0";"ND";"Bom";"778";"779";"1";"Não pavimentada";"2025-11-12";"2,5";"2.5"
"AM";"""01 00673/2021""";"2025";"5";"BR-230";"778";"D";"Baixa";"Média";"Regular";"Bom";"0";"Regular";"Regular";"779";"778";"1";"Não pavimentada";"2025-05-10";"65";"65"
"AM";"""01 00673/2021""";"2025";"5";"BR-230";"779";"D";"Média";"Média";"Bom";"Regular";"0";"Bom";"Bom";"780";"779";"1";"Não pavimentada";"2025-05-10";"67,5";"67.5"
"AM";"""01 00673/2021""";"2025";"11";"BR-230";"779";"C";"ND";"ND";"ND";"ND";"0";"ND";"Bom";"779";"780";"1";"Não pavimentada";"2025-11-12";"2,5";"2.5"
"AM";"""01 00673/2021""";"2025";"11";"BR-230";"780";"C";"ND";"ND";"ND";"ND";"0";"ND";"Bom";"780";"781";"1";"Não pavimentada";"2025-11-12";"2,5";"2.5"
"AM";"""01 00673/2021""";"2025";"5";"BR-230";"780";"D";"Média";"Média";"Regular";"Bom";"0";"Regular";"Bom";"781";"780";"1";"Não pavimentada";"2025-05-10";"70";"70"
"AM";"""01 00673/2021""";"2025";"5";"BR-230";"781";"D";"Baixa";"Baixa";"Bom";"Bom";"0";"Bom";"Bom";"782";"781";"1";"Não pavimentada";"2025-05-10";"50";"50"
"AM";"""01 00673/2021""";"2025";"11";"BR-230";"781";"C";"ND";"ND";"ND";"ND";"0";"ND";"Bom";"781";"782";"1";"Não pavimentada";"2025-11-12";"2,5";"2.5"
"AM";"""01 00673/2021""";"2025";"11";"BR-230";"782";"C";"ND";"ND";"ND";"ND";"0";"ND";"Bom";"782";"783";"1";"Não pavimentada";"2025-11-12";"2,5";"2.5"
"AM";"""01 00673/2021""";"2025";"5";"BR-230";"782";"D";"Baixa";"Baixa";"Bom";"Bom";"0";"Regular";"Bom";"783";"782";"1";"Não pavimentada";"2025-05-10";"52,5";"52.5"
"AM";"""01 00673/2021""";"2025";"5";"BR-230";"783";"D";"Baixa";"Baixa";"Regular";"Bom";"0";"Bom";"Bom";"784";"783";"1";"Não pavimentada";"2025-05-10";"53,75";"53.75"
"AM";"""01 00673/2021""";"2025";"11";"BR-230";"783";"C";"ND";"ND";"ND";"ND";"0";"ND";"Bom";"783";"784";"1";"Não pavimentada";"2025-11-12";"2,5";"2.5"
"AM";"""01 00673/2021""";"2025";"11";"BR-230";"784";"C";"ND";"ND";"ND";"ND";"0";"ND";"Bom";"784";"785";"1";"Não pavimentada";"2025-11-12";"2,5";"2.5"
"AM";"""01 00673/2021""";"2025";"5";"BR-230";"784";"D";"Baixa";"Baixa";"Regular";"Bom";"0";"Bom";"Bom";"785";"784";"1";"Não pavimentada";"2025-05-10";"53,75";"53.75"
"AM";"""01 00673/2021""";"2025";"5";"BR-230";"785";"D";"Baixa";"Alta";"Regular";"Regular";"0";"Regular";"Bom";"786";"785";"1";"Não pavimentada";"2025-05-10";"75";"75"
"AM";"""01 00673/2021""";"2025";"11";"BR-230";"785";"C";"ND";"ND";"ND";"ND";"0";"ND";"Bom";"785";"786";"1";"Não pavimentada";"2025-11-12";"2,5";"2.5"
"AM";"""01 00673/2021""";"2025";"11";"BR-230";"786";"C";"ND";"ND";"ND";"ND";"0";"ND";"Bom";"786";"787";"1";"Não pavimentada";"2025-11-12";"2,5";"2.5"
"AM";"""01 00673/2021""";"2025";"5";"BR-230";"786";"D";"Baixa";"Média";"Regular";"Bom";"0";"Regular";"Ruim";"787";"786";"1";"Não pavimentada";"2025-05-10";"66,25";"66.25"
"AM";"""01 00673/2021""";"2025";"5";"BR-230";"787";"D";"Baixa";"Baixa";"Regular";"Bom";"0";"Bom";"Bom";"788";"787";"1";"Não pavimentada";"2025-05-10";"53,75";"53.75"
"AM";"""01 00673/2021""";"2025";"11";"BR-230";"787";"C";"ND";"ND";"ND";"ND";"0";"ND";"Bom";"787";"788";"1";"Não pavimentada";"2025-11-12";"2,5";"2.5"
"AM";"""01 00673/2021""";"2025";"11";"BR-230";"788";"C";"ND";"ND";"ND";"ND";"0";"ND";"Bom";"788";"789";"1";"Não pavimentada";"2025-11-12";"2,5";"2.5"
"AM";"""01 00673/2021""";"2025";"5";"BR-230";"788";"D";"Alta";"Média";"Regular";"Regular";"0";"Ruim";"Regular";"789";"788";"1";"Não pavimentada";"2025-05-10";"83,75";"83.75"
"AM";"""01 00673/2021""";"2025";"5";"BR-230";"789";"D";"Baixa";"Baixa";"Regular";"Regular";"0";"ND";"Regular";"790";"789";"1";"Não pavimentada";"2025-05-10";"53,75";"53.75"
"AM";"""01 00673/2021""";"2025";"11";"BR-230";"789";"C";"ND";"ND";"ND";"ND";"0";"ND";"Bom";"789";"790";"1";"Não pavimentada";"2025-11-12";"2,5";"2.5"
"AM";"""01 00673/2021""";"2025";"11";"BR-230";"790";"C";"Baixa";"Baixa";"ND";"ND";"0";"ND";"Bom";"790";"791";"1";"Não pavimentada";"2025-11-12";"30";"30"
"AM";"""01 00673/2021""";"2025";"5";"BR-230";"790";"D";"Baixa";"Média";"Bom";"Bom";"0";"Regular";"Bom";"791";"790";"1";"Não pavimentada";"2025-05-10";"60";"60"
"AM";"""01 00673/2021""";"2025";"5";"BR-230";"791";"D";"Média";"Média";"Regular";"Regular";"0";"Regular";"Bom";"792";"791";"1";"Não pavimentada";"2025-05-10";"73,75";"73.75"
"AM";"""01 00673/2021""";"2025";"11";"BR-230";"791";"C";"ND";"ND";"ND";"ND";"0";"ND";"Bom";"791";"792";"1";"Não pavimentada";"2025-11-12";"2,5";"2.5"
"AM";"""01 00673/2021""";"2025";"11";"BR-230";"792";"C";"ND";"ND";"ND";"ND";"0";"ND";"Bom";"792";"793";"1";"Não pavimentada";"2025-11-12";"2,5";"2.5"
"AM";"""01 00673/2021""";"2025";"5";"BR-230";"792";"D";"Média";"Média";"ND";"Ruim";"0";"Regular";"Regular";"793";"792";"1";"Não pavimentada";"2025-05-10";"67,5";"67.5"
"AM";"""01 00673/2021""";"2025";"5";"BR-230";"793";"D";"Alta";"Média";"Regular";"Ruim";"0";"Regular";"Regular";"794";"793";"1";"Não pavimentada";"2025-05-10";"85";"85"
"AM";"""01 00673/2021""";"2025";"11";"BR-230";"793";"C";"ND";"ND";"ND";"ND";"0";"ND";"Bom";"793";"794";"1";"Não pavimentada";"2025-11-12";"2,5";"2.5"
"AM";"""01 00673/2021""";"2025";"11";"BR-230";"794";"C";"ND";"ND";"ND";"ND";"0";"ND";"Bom";"794";"795";"1";"Não pavimentada";"2025-11-12";"2,5";"2.5"
"AM";"""01 00673/2021""";"2025";"5";"BR-230";"794";"D";"Média";"Média";"Bom";"Bom";"0";"Bom";"Bom";"795";"794";"1";"Não pavimentada";"2025-05-10";"63,75";"63.75"
"AM";"""01 00673/2021""";"2025";"5";"BR-230";"795";"D";"Baixa";"Baixa";"Bom";"Regular";"0";"Bom";"Regular";"796";"795";"1";"Não pavimentada";"2025-05-10";"55";"55"
"AM";"""01 00673/2021""";"2025";"11";"BR-230";"795";"C";"ND";"ND";"ND";"ND";"0";"ND";"Bom";"795";"796";"1";"Não pavimentada";"2025-11-12";"2,5";"2.5"
"AM";"""01 00673/2021""";"2025";"11";"BR-230";"796";"C";"ND";"ND";"ND";"ND";"0";"ND";"Bom";"796";"797";"1";"Não pavimentada";"2025-11-12";"2,5";"2.5"
"AM";"""01 00673/2021""";"2025";"5";"BR-230";"796";"D";"Média";"Média";"Regular";"Bom";"0";"Regular";"Bom";"797";"796";"1";"Não pavimentada";"2025-05-10";"70";"70"
"AM";"""01 00673/2021""";"2025";"5";"BR-230";"797";"D";"Baixa";"Baixa";"Bom";"Bom";"0";"Bom";"Bom";"798";"797";"1";"Não pavimentada";"2025-05-10";"50";"50"
"AM";"""01 00673/2021""";"2025";"11";"BR-230";"797";"C";"ND";"ND";"ND";"ND";"0";"ND";"Bom";"797";"798";"1";"Não pavimentada";"2025-11-12";"2,5";"2.5"
"AM";"""01 00673/2021""";"2025";"11";"BR-230";"798";"C";"ND";"ND";"ND";"ND";"0";"ND";"Bom";"798";"799";"1";"Não pavimentada";"2025-11-12";"2,5";"2.5"
"AM";"""01 00673/2021""";"2025";"5";"BR-230";"798";"D";"Média";"Baixa";"Bom";"Bom";"0";"Regular";"Bom";"799";"798";"1";"Não pavimentada";"2025-05-10";"58,75";"58.75"
"AM";"""01 00673/2021""";"2025";"5";"BR-230";"799";"D";"Média";"Baixa";"Bom";"Bom";"0";"Bom";"Bom";"800";"799";"1";"Não pavimentada";"2025-05-10";"56,25";"56.25"
"AM";"""01 00673/2021""";"2025";"11";"BR-230";"799";"C";"ND";"ND";"ND";"ND";"0";"ND";"Bom";"799";"800";"1";"Não pavimentada";"2025-11-12";"2,5";"2.5"
"AM";"""01 00673/2021""";"2025";"11";"BR-230";"800";"C";"ND";"ND";"ND";"ND";"0";"ND";"Bom";"800";"801";"1";"Não pavimentada";"2025-11-12";"2,5";"2.5"
"AM";"""01 00673/2021""";"2025";"5";"BR-230";"800";"D";"Média";"Baixa";"ND";"Bom";"0";"Regular";"Bom";"801";"800";"1";"Não pavimentada";"2025-05-10";"51,25";"51.25"
"AM";"""01 00673/2021""";"2025";"5";"BR-230";"801";"D";"Média";"Média";"Bom";"Regular";"0";"Regular";"Bom";"802";"801";"1";"Não pavimentada";"2025-05-10";"70";"70"
"AM";"""01 00673/2021""";"2025";"11";"BR-230";"801";"C";"Baixa";"Baixa";"ND";"Bom";"0";"ND";"Bom";"801";"802";"1";"Não pavimentada";"2025-11-12";"37,5";"37.5"
"AM";"""01 00673/2021""";"2025";"11";"BR-230";"802";"C";"ND";"ND";"ND";"ND";"0";"ND";"Bom";"802";"803";"1";"Não pavimentada";"2025-11-12";"2,5";"2.5"
"AM";"""01 00673/2021""";"2025";"5";"BR-230";"802";"D";"Alta";"Média";"Bom";"Bom";"0";"ND";"Bom";"803";"802";"1";"Não pavimentada";"2025-05-10";"65";"65"
"AM";"""01 00673/2021""";"2025";"5";"BR-230";"803";"D";"Alta";"Média";"Bom";"Regular";"0";"Bom";"Bom";"804";"803";"1";"Não pavimentada";"2025-05-10";"73,75";"73.75"
"AM";"""01 00673/2021""";"2025";"11";"BR-230";"803";"C";"ND";"ND";"ND";"ND";"0";"ND";"Bom";"803";"804";"1";"Não pavimentada";"2025-11-12";"2,5";"2.5"
"AM";"""01 00673/2021""";"2025";"11";"BR-230";"804";"C";"ND";"ND";"ND";"ND";"0";"ND";"Bom";"804";"805";"1";"Não pavimentada";"2025-11-12";"2,5";"2.5"
"AM";"""01 00673/2021""";"2025";"5";"BR-230";"804";"D";"Baixa";"Baixa";"ND";"Bom";"0";"Bom";"Bom";"805";"804";"1";"Não pavimentada";"2025-05-10";"42,5";"42.5"
"AM";"""01 00673/2021""";"2025";"5";"BR-230";"805";"D";"Média";"Baixa";"Bom";"Bom";"0";"Bom";"Bom";"806";"805";"1";"Não pavimentada";"2025-05-10";"56,25";"56.25"
"AM";"""01 00673/2021""";"2025";"11";"BR-230";"805";"C";"ND";"ND";"ND";"ND";"0";"ND";"Bom";"805";"806";"1";"Não pavimentada";"2025-11-12";"2,5";"2.5"
"AM";"""01 00673/2021""";"2025";"11";"BR-230";"806";"C";"ND";"ND";"ND";"ND";"0";"ND";"Bom";"806";"807";"1";"Não pavimentada";"2025-11-12";"2,5";"2.5"
"AM";"""01 00673/2021""";"2025";"5";"BR-230";"806";"D";"Média";"Baixa";"Bom";"Bom";"0";"Bom";"Bom";"807";"806";"1";"Não pavimentada";"2025-05-10";"56,25";"56.25"
"AM";"""01 00673/2021""";"2025";"5";"BR-230";"807";"D";"Alta";"Média";"Bom";"Regular";"0";"Regular";"Bom";"808";"807";"1";"Não pavimentada";"2025-05-10";"76,25";"76.25"
"AM";"""01 00673/2021""";"2025";"11";"BR-230";"807";"C";"ND";"ND";"ND";"ND";"0";"ND";"Bom";"807";"808";"1";"Não pavimentada";"2025-11-12";"2,5";"2.5"
"AM";"""01 00673/2021""";"2025";"11";"BR-230";"808";"C";"ND";"ND";"ND";"ND";"0";"ND";"Bom";"808";"809";"1";"Não pavimentada";"2025-11-12";"2,5";"2.5"
"AM";"""01 00673/2021""";"2025";"5";"BR-230";"808";"D";"Alta";"Média";"Bom";"Regular";"0";"Bom";"Bom";"809";"808";"1";"Não pavimentada";"2025-05-10";"73,75";"73.75"
"AM";"""01 00673/2021""";"2025";"5";"BR-230";"809";"D";"Média";"Média";"Bom";"Regular";"0";"Bom";"Bom";"810";"809";"1";"Não pavimentada";"2025-05-10";"67,5";"67.5"
"AM";"""01 00673/2021""";"2025";"11";"BR-230";"809";"C";"ND";"ND";"ND";"ND";"0";"ND";"Bom";"809";"810";"1";"Não pavimentada";"2025-11-12";"2,5";"2.5"
"AM";"""01 00673/2021""";"2025";"11";"BR-230";"810";"C";"ND";"ND";"ND";"ND";"0";"ND";"Bom";"810";"811";"1";"Não pavimentada";"2025-11-12";"2,5";"2.5"
"AM";"""01 00673/2021""";"2025";"5";"BR-230";"810";"D";"Baixa";"Baixa";"Bom";"Bom";"0";"Bom";"Bom";"811";"810";"1";"Não pavimentada";"2025-05-10";"50";"50"
"AM";"""01 00673/2021""";"2025";"5";"BR-230";"811";"D";"Alta";"Média";"Bom";"Regular";"0";"Bom";"Bom";"812";"811";"1";"Não pavimentada";"2025-05-10";"73,75";"73.75"
"AM";"""01 00673/2021""";"2025";"11";"BR-230";"811";"C";"Baixa";"Baixa";"ND";"Bom";"0";"ND";"Bom";"811";"812";"1";"Não pavimentada";"2025-11-12";"37,5";"37.5"
"AM";"""01 00673/2021""";"2025";"11";"BR-230";"812";"C";"ND";"ND";"ND";"ND";"0";"ND";"Bom";"812";"813";"1";"Não pavimentada";"2025-11-12";"2,5";"2.5"
"AM";"""01 00673/2021""";"2025";"5";"BR-230";"812";"D";"Alta";"Média";"Bom";"Regular";"0";"Bom";"Bom";"813";"812";"1";"Não pavimentada";"2025-05-10";"73,75";"73.75"
"AM";"""01 00673/2021""";"2025";"5";"BR-230";"813";"D";"Alta";"Média";"Bom";"Regular";"0";"Bom";"Bom";"814";"813";"1";"Não pavimentada";"2025-05-10";"73,75";"73.75"
"AM";"""01 00673/2021""";"2025";"11";"BR-230";"813";"C";"Baixa";"Baixa";"ND";"ND";"0";"ND";"Bom";"813";"814";"1";"Não pavimentada";"2025-11-12";"30";"30"
"AM";"""01 00673/2021""";"2025";"11";"BR-230";"814";"C";"Baixa";"Baixa";"ND";"ND";"0";"ND";"Bom";"814";"815";"1";"Não pavimentada";"2025-11-12";"30";"30"
"AM";"""01 00673/2021""";"2025";"5";"BR-230";"814";"D";"Alta";"Média";"Bom";"Regular";"0";"Bom";"Bom";"815";"814";"1";"Não pavimentada";"2025-05-10";"73,75";"73.75"
"AM";"""01 00673/2021""";"2025";"5";"BR-230";"815";"D";"Alta";"Média";"Bom";"Regular";"0";"Bom";"Bom";"815.4";"815";"1";"Não pavimentada";"2025-05-10";"73,75";"73.75"
"AM";"""01 00673/2021""";"2025";"11";"BR-230";"815";"C";"Baixa";"Baixa";"ND";"ND";"0";"ND";"Bom";"815";"815.4";"1";"Não pavimentada";"2025-11-12";"30";"30"
"AM";"""01 00673/2021""";"2025";"7";"BR-317";"452";"C";"ND";"ND";"ND";"ND";"0";"ND";"Bom";"452";"453";"1";"Não pavimentada";"2025-07-09";"2,5";"2.5"
"AM";"""01 00673/2021""";"2025";"11";"BR-317";"452";"D";"Baixa";"Média";"ND";"ND";"0";"ND";"Bom";"453";"452";"1";"Não pavimentada";"2025-11-11";"37,5";"37.5"
"AM";"""01 00673/2021""";"2025";"11";"BR-317";"453";"D";"ND";"Média";"ND";"ND";"0";"ND";"Bom";"454";"453";"1";"Não pavimentada";"2025-11-11";"25";"25"
"AM";"""01 00673/2021""";"2025";"7";"BR-317";"453";"C";"ND";"ND";"ND";"ND";"0";"ND";"Bom";"453";"454";"1";"Não pavimentada";"2025-07-09";"2,5";"2.5"
"AM";"""01 00673/2021""";"2025";"7";"BR-317";"454";"C";"ND";"ND";"ND";"ND";"0";"ND";"Bom";"454";"455";"1";"Não pavimentada";"2025-07-09";"2,5";"2.5"
"AM";"""01 00673/2021""";"2025";"11";"BR-317";"454";"D";"Baixa";"Média";"ND";"ND";"0";"ND";"Bom";"455";"454";"1";"Não pavimentada";"2025-11-11";"37,5";"37.5"
"AM";"""01 00673/2021""";"2025";"11";"BR-317";"455";"D";"Média";"Baixa";"ND";"ND";"0";"ND";"Bom";"456";"455";"1";"Não pavimentada";"2025-11-11";"36,25";"36.25"
"AM";"""01 00673/2021""";"2025";"7";"BR-317";"455";"C";"ND";"ND";"ND";"ND";"0";"ND";"Bom";"455";"456";"1";"Não pavimentada";"2025-07-09";"2,5";"2.5"
"AM";"""01 00673/2021""";"2025";"7";"BR-317";"456";"C";"ND";"ND";"ND";"ND";"0";"ND";"Bom";"456";"457";"1";"Não pavimentada";"2025-07-09";"2,5";"2.5"
"AM";"""01 00673/2021""";"2025";"11";"BR-317";"456";"D";"Baixa";"Baixa";"ND";"ND";"0";"ND";"Bom";"457";"456";"1";"Não pavimentada";"2025-11-11";"30";"30"
"AM";"""01 00673/2021""";"2025";"11";"BR-317";"457";"D";"Baixa";"Baixa";"ND";"ND";"0";"ND";"Bom";"458";"457";"1";"Não pavimentada";"2025-11-11";"30";"30"
"AM";"""01 00673/2021""";"2025";"7";"BR-317";"457";"C";"ND";"ND";"ND";"ND";"0";"ND";"Bom";"457";"458";"1";"Não pavimentada";"2025-07-09";"2,5";"2.5"
"AM";"""01 00673/2021""";"2025";"7";"BR-317";"458";"C";"ND";"ND";"ND";"ND";"0";"ND";"Bom";"458";"459";"1";"Não pavimentada";"2025-07-09";"2,5";"2.5"
"AM";"""01 00673/2021""";"2025";"11";"BR-317";"458";"D";"Baixa";"ND";"ND";"ND";"0";"ND";"Bom";"459";"458";"1";"Não pavimentada";"2025-11-11";"15";"15"
"AM";"""01 00673/2021""";"2025";"11";"BR-317";"459";"D";"Alta";"Baixa";"ND";"ND";"0";"ND";"Bom";"460";"459";"1";"Não pavimentada";"2025-11-11";"42,5";"42.5"
"AM";"""01 00673/2021""";"2025";"7";"BR-317";"459";"C";"ND";"ND";"ND";"ND";"0";"ND";"Bom";"459";"460";"1";"Não pavimentada";"2025-07-09";"2,5";"2.5"
"AM";"""01 00673/2021""";"2025";"7";"BR-317";"460";"C";"ND";"ND";"ND";"ND";"0";"ND";"Bom";"460";"461";"1";"Não pavimentada";"2025-07-09";"2,5";"2.5"
"AM";"""01 00673/2021""";"2025";"11";"BR-317";"460";"D";"Média";"Baixa";"ND";"ND";"0";"ND";"Bom";"461";"460";"1";"Não pavimentada";"2025-11-11";"36,25";"36.25"
"AM";"""01 00673/2021""";"2025";"11";"BR-317";"461";"D";"Média";"Baixa";"ND";"ND";"0";"ND";"Bom";"462";"461";"1";"Não pavimentada";"2025-11-11";"36,25";"36.25"
"AM";"""01 00673/2021""";"2025";"7";"BR-317";"461";"C";"ND";"ND";"ND";"ND";"0";"ND";"Bom";"461";"462";"1";"Não pavimentada";"2025-07-09";"2,5";"2.5"
"AM";"""01 00673/2021""";"2025";"7";"BR-317";"462";"C";"ND";"ND";"ND";"ND";"0";"ND";"Bom";"462";"463";"1";"Não pavimentada";"2025-07-09";"2,5";"2.5"
"AM";"""01 00673/2021""";"2025";"11";"BR-317";"462";"D";"Média";"ND";"ND";"ND";"0";"ND";"Bom";"463";"462";"1";"Não pavimentada";"2025-11-11";"21,25";"21.25"
"AM";"""01 00673/2021""";"2025";"11";"BR-317";"463";"D";"Média";"ND";"ND";"ND";"0";"ND";"Bom";"464";"463";"1";"Não pavimentada";"2025-11-11";"21,25";"21.25"
"AM";"""01 00673/2021""";"2025";"7";"BR-317";"463";"C";"ND";"ND";"ND";"ND";"0";"ND";"Bom";"463";"464";"1";"Não pavimentada";"2025-07-09";"2,5";"2.5"
"AM";"""01 00673/2021""";"2025";"7";"BR-317";"464";"C";"ND";"ND";"ND";"ND";"0";"ND";"Bom";"464";"465";"1";"Não pavimentada";"2025-07-09";"2,5";"2.5"
"AM";"""01 00673/2021""";"2025";"11";"BR-317";"464";"D";"Alta";"Baixa";"ND";"ND";"0";"ND";"Bom";"465";"464";"1";"Não pavimentada";"2025-11-11";"42,5";"42.5"
"AM";"""01 00673/2021""";"2025";"11";"BR-317";"465";"D";"Baixa";"ND";"ND";"ND";"0";"ND";"Bom";"466";"465";"1";"Não pavimentada";"2025-11-11";"15";"15"
"AM";"""01 00673/2021""";"2025";"7";"BR-317";"465";"C";"ND";"ND";"ND";"ND";"0";"ND";"Bom";"465";"466";"1";"Não pavimentada";"2025-07-09";"2,5";"2.5"
"AM";"""01 00673/2021""";"2025";"7";"BR-317";"466";"C";"ND";"ND";"ND";"ND";"0";"ND";"Bom";"466";"467";"1";"Não pavimentada";"2025-07-09";"2,5";"2.5"
"AM";"""01 00673/2021""";"2025";"11";"BR-317";"466";"D";"Baixa";"ND";"ND";"ND";"0";"ND";"Bom";"467";"466";"1";"Não pavimentada";"2025-11-11";"15";"15"
"AM";"""01 00673/2021""";"2025";"11";"BR-317";"467";"D";"Baixa";"ND";"ND";"ND";"0";"ND";"Bom";"468";"467";"1";"Não pavimentada";"2025-11-11";"15";"15"
"AM";"""01 00673/2021""";"2025";"7";"BR-317";"467";"C";"ND";"ND";"ND";"ND";"0";"ND";"Bom";"467";"468";"1";"Não pavimentada";"2025-07-09";"2,5";"2.5"
"AM";"""01 00673/2021""";"2025";"7";"BR-317";"468";"C";"ND";"ND";"ND";"ND";"0";"ND";"Bom";"468";"468.5";"1";"Não pavimentada";"2025-07-09";"2,5";"2.5"
"AM";"""01 00673/2021""";"2025";"11";"BR-317";"468";"D";"Baixa";"ND";"ND";"ND";"0";"ND";"Bom";"468.5";"468";"1";"Não pavimentada";"2025-11-11";"15";"15"
"AM";"""01 00673/2021""";"2025";"7";"BR-317";"478.3";"C";"ND";"ND";"ND";"ND";"0";"ND";"Bom";"478.3";"479";"1";"Não pavimentada";"2025-07-09";"2,5";"2.5"
"AM";"""01 00673/2021""";"2025";"11";"BR-317";"478.3";"D";"Média";"ND";"ND";"ND";"0";"ND";"Bom";"479";"478.3";"1";"Não pavimentada";"2025-11-11";"21,25";"21.25"
"AM";"""01 00673/2021""";"2025";"11";"BR-317";"479";"D";"Baixa";"ND";"ND";"ND";"0";"ND";"Bom";"480";"479";"1";"Não pavimentada";"2025-11-11";"15";"15"
"AM";"""01 00673/2021""";"2025";"7";"BR-317";"479";"C";"ND";"ND";"ND";"ND";"0";"ND";"Bom";"479";"480";"1";"Não pavimentada";"2025-07-09";"2,5";"2.5"
"AM";"""01 00673/2021""";"2025";"7";"BR-317";"480";"C";"ND";"ND";"ND";"ND";"0";"ND";"Bom";"480";"481";"1";"Não pavimentada";"2025-07-09";"2,5";"2.5"
"AM";"""01 00673/2021""";"2025";"11";"BR-317";"480";"D";"Média";"ND";"ND";"ND";"0";"ND";"Bom";"481";"480";"1";"Não pavimentada";"2025-11-11";"21,25";"21.25"
"AM";"""01 00673/2021""";"2025";"11";"BR-317";"481";"D";"Alta";"Baixa";"ND";"ND";"0";"ND";"Bom";"482";"481";"1";"Não pavimentada";"2025-11-11";"42,5";"42.5"
"AM";"""01 00673/2021""";"2025";"7";"BR-317";"481";"C";"ND";"ND";"ND";"ND";"0";"ND";"Bom";"481";"482";"1";"Não pavimentada";"2025-07-09";"2,5";"2.5"
"AM";"""01 00673/2021""";"2025";"7";"BR-317";"482";"C";"ND";"ND";"ND";"ND";"0";"ND";"Bom";"482";"483";"1";"Não pavimentada";"2025-07-09";"2,5";"2.5"
"AM";"""01 00673/2021""";"2025";"11";"BR-317";"482";"D";"Média";"Baixa";"ND";"ND";"0";"ND";"Bom";"483";"482";"1";"Não pavimentada";"2025-11-11";"36,25";"36.25"
"AM";"""01 00673/2021""";"2025";"11";"BR-317";"483";"D";"Média";"ND";"Bom";"ND";"0";"ND";"Bom";"484";"483";"1";"Não pavimentada";"2025-11-11";"28,75";"28.75"
"AM";"""01 00673/2021""";"2025";"7";"BR-317";"483";"C";"ND";"ND";"ND";"ND";"0";"ND";"Bom";"483";"484";"1";"Não pavimentada";"2025-07-09";"2,5";"2.5"
"AM";"""01 00673/2021""";"2025";"7";"BR-317";"484";"C";"ND";"ND";"ND";"ND";"0";"ND";"Bom";"484";"485";"1";"Não pavimentada";"2025-07-09";"2,5";"2.5"
"AM";"""01 00673/2021""";"2025";"11";"BR-317";"484";"D";"Média";"ND";"ND";"ND";"0";"ND";"Bom";"485";"484";"1";"Não pavimentada";"2025-11-11";"21,25";"21.25"
"AM";"""01 00673/2021""";"2025";"11";"BR-317";"485";"D";"Média";"Baixa";"ND";"ND";"0";"ND";"Bom";"486";"485";"1";"Não pavimentada";"2025-11-11";"36,25";"36.25"
"AM";"""01 00673/2021""";"2025";"7";"BR-317";"485";"C";"ND";"ND";"ND";"ND";"0";"ND";"Bom";"485";"486";"1";"Não pavimentada";"2025-07-09";"2,5";"2.5"
"AM";"""01 00673/2021""";"2025";"7";"BR-317";"486";"C";"ND";"ND";"ND";"ND";"0";"ND";"Bom";"486";"487";"1";"Não pavimentada";"2025-07-09";"2,5";"2.5"
"AM";"""01 00673/2021""";"2025";"11";"BR-317";"486";"D";"Média";"Baixa";"Bom";"ND";"0";"ND";"Bom";"487";"486";"1";"Não pavimentada";"2025-11-11";"43,75";"43.75"
"AM";"""01 00673/2021""";"2025";"11";"BR-317";"487";"D";"Média";"Baixa";"ND";"Bom";"0";"Bom";"Bom";"488";"487";"1";"Não pavimentada";"2025-11-11";"48,75";"48.75"
"AM";"""01 00673/2021""";"2025";"7";"BR-317";"487";"C";"ND";"ND";"ND";"ND";"0";"ND";"Bom";"487";"488";"1";"Não pavimentada";"2025-07-09";"2,5";"2.5"
"AM";"""01 00673/2021""";"2025";"7";"BR-317";"488";"C";"ND";"ND";"ND";"ND";"0";"ND";"Bom";"488";"489";"1";"Não pavimentada";"2025-07-09";"2,5";"2.5"
"AM";"""01 00673/2021""";"2025";"11";"BR-317";"488";"D";"Baixa";"Baixa";"ND";"ND";"0";"ND";"Bom";"489";"488";"1";"Não pavimentada";"2025-11-11";"30";"30"
"AM";"""01 00673/2021""";"2025";"11";"BR-317";"489";"D";"Baixa";"Baixa";"ND";"ND";"0";"ND";"Bom";"490";"489";"1";"Não pavimentada";"2025-11-11";"30";"30"
"AM";"""01 00673/2021""";"2025";"7";"BR-317";"489";"C";"ND";"ND";"ND";"ND";"0";"ND";"Bom";"489";"490";"1";"Não pavimentada";"2025-07-09";"2,5";"2.5"
"AM";"""01 00673/2021""";"2025";"7";"BR-317";"490";"C";"ND";"ND";"ND";"ND";"0";"ND";"Bom";"490";"491";"1";"Não pavimentada";"2025-07-09";"2,5";"2.5"
"AM";"""01 00673/2021""";"2025";"11";"BR-317";"490";"D";"Baixa";"ND";"ND";"ND";"0";"ND";"Bom";"491";"490";"1";"Não pavimentada";"2025-11-11";"15";"15"
"AM";"""01 00673/2021""";"2025";"11";"BR-317";"491";"D";"Média";"ND";"ND";"ND";"0";"ND";"Bom";"492";"491";"1";"Não pavimentada";"2025-11-11";"21,25";"21.25"
"AM";"""01 00673/2021""";"2025";"7";"BR-317";"491";"C";"ND";"ND";"ND";"ND";"0";"ND";"Bom";"491";"492";"1";"Não pavimentada";"2025-07-09";"2,5";"2.5"
"AM";"""01 00673/2021""";"2025";"7";"BR-317";"492";"C";"ND";"ND";"ND";"ND";"0";"ND";"Bom";"492";"493";"1";"Não pavimentada";"2025-07-09";"2,5";"2.5"
"AM";"""01 00673/2021""";"2025";"11";"BR-317";"492";"D";"Média";"ND";"ND";"ND";"0";"ND";"Bom";"493";"492";"1";"Não pavimentada";"2025-11-11";"21,25";"21.25"
"AM";"""01 00673/2021""";"2025";"11";"BR-317";"493";"D";"Baixa";"Baixa";"ND";"ND";"0";"ND";"Bom";"494";"493";"1";"Não pavimentada";"2025-11-11";"30";"30"
"AM";"""01 00673/2021""";"2025";"7";"BR-317";"493";"C";"ND";"ND";"ND";"ND";"0";"ND";"Bom";"493";"494";"1";"Não pavimentada";"2025-07-09";"2,5";"2.5"
"AM";"""01 00673/2021""";"2025";"7";"BR-317";"494";"C";"ND";"ND";"ND";"ND";"0";"ND";"Bom";"494";"495";"1";"Não pavimentada";"2025-07-09";"2,5";"2.5"
"AM";"""01 00673/2021""";"2025";"11";"BR-317";"494";"D";"Baixa";"ND";"ND";"ND";"0";"ND";"Bom";"495";"494";"1";"Não pavimentada";"2025-11-11";"15";"15"
"AM";"""01 00673/2021""";"2025";"11";"BR-317";"495";"D";"Média";"ND";"ND";"ND";"0";"ND";"Bom";"496";"495";"1";"Não pavimentada";"2025-11-11";"21,25";"21.25"
"AM";"""01 00673/2021""";"2025";"7";"BR-317";"495";"C";"ND";"ND";"ND";"ND";"0";"ND";"Bom";"495";"496";"1";"Não pavimentada";"2025-07-09";"2,5";"2.5"
"AM";"""01 00673/2021""";"2025";"7";"BR-317";"496";"C";"ND";"ND";"ND";"ND";"0";"ND";"Bom";"496";"496.2";"1";"Não pavimentada";"2025-07-09";"2,5";"2.5"
"AM";"""01 00673/2021""";"2025";"11";"BR-317";"496";"D";"ND";"ND";"ND";"ND";"0";"ND";"Bom";"496.2";"496";"1";"Não pavimentada";"2025-11-11";"2,5";"2.5"
"AM";"""01 00673/2021""";"2025";"7";"BR-317";"515.3";"C";"ND";"ND";"ND";"ND";"0";"ND";"Bom";"515.3";"516";"1";"Não pavimentada";"2025-07-09";"2,5";"2.5"
"AM";"""01 00673/2021""";"2025";"11";"BR-317";"515.3";"D";"Baixa";"ND";"ND";"ND";"0";"ND";"Bom";"516";"515.3";"1";"Não pavimentada";"2025-11-11";"15";"15"
"AM";"""01 00673/2021""";"2025";"11";"BR-317";"516";"D";"Baixa";"ND";"ND";"ND";"0";"ND";"Bom";"517";"516";"1";"Não pavimentada";"2025-11-11";"15";"15"
"AM";"""01 00673/2021""";"2025";"7";"BR-317";"516";"C";"ND";"ND";"ND";"ND";"0";"ND";"Bom";"516";"517";"1";"Não pavimentada";"2025-07-09";"2,5";"2.5"
"AM";"""01 00673/2021""";"2025";"7";"BR-317";"517";"C";"ND";"ND";"ND";"ND";"0";"ND";"Bom";"517";"518";"1";"Não pavimentada";"2025-07-09";"2,5";"2.5"
"AM";"""01 00673/2021""";"2025";"11";"BR-317";"517";"D";"Média";"ND";"ND";"ND";"0";"ND";"Bom";"518";"517";"1";"Não pavimentada";"2025-11-11";"21,25";"21.25"
"AM";"""01 00673/2021""";"2025";"11";"BR-317";"518";"D";"Baixa";"ND";"ND";"ND";"0";"ND";"Bom";"519";"518";"1";"Não pavimentada";"2025-11-11";"15";"15"
"AM";"""01 00673/2021""";"2025";"7";"BR-317";"518";"C";"ND";"ND";"ND";"ND";"0";"ND";"Bom";"518";"519";"1";"Não pavimentada";"2025-07-09";"2,5";"2.5"
"AM";"""01 00673/2021""";"2025";"7";"BR-317";"519";"C";"ND";"ND";"ND";"ND";"0";"ND";"Bom";"519";"520";"1";"Não pavimentada";"2025-07-09";"2,5";"2.5"
"AM";"""01 00673/2021""";"2025";"11";"BR-317";"519";"D";"Baixa";"ND";"ND";"ND";"0";"ND";"Bom";"520";"519";"1";"Não pavimentada";"2025-11-11";"15";"15"
"AM";"""01 00673/2021""";"2025";"11";"BR-317";"520";"D";"Baixa";"ND";"ND";"ND";"0";"ND";"Bom";"521";"520";"1";"Não pavimentada";"2025-11-11";"15";"15"
"AM";"""01 00673/2021""";"2025";"7";"BR-317";"520";"C";"ND";"ND";"ND";"ND";"0";"ND";"Bom";"520";"521";"1";"Não pavimentada";"2025-07-09";"2,5";"2.5"
"AM";"""01 00673/2021""";"2025";"7";"BR-317";"521";"C";"ND";"ND";"ND";"ND";"0";"ND";"Bom";"521";"522";"1";"Não pavimentada";"2025-07-09";"2,5";"2.5"
"AM";"""01 00673/2021""";"2025";"11";"BR-317";"521";"D";"Baixa";"ND";"Bom";"ND";"0";"ND";"Bom";"522";"521";"1";"Não pavimentada";"2025-11-11";"22,5";"22.5"
"AM";"""01 00673/2021""";"2025";"11";"BR-317";"522";"D";"Baixa";"ND";"Bom";"ND";"0";"ND";"Bom";"523";"522";"1";"Não pavimentada";"2025-11-11";"22,5";"22.5"
"AM";"""01 00673/2021""";"2025";"7";"BR-317";"522";"C";"ND";"ND";"ND";"ND";"0";"ND";"Bom";"522";"523";"1";"Não pavimentada";"2025-07-09";"2,5";"2.5"
"AM";"""01 00673/2021""";"2025";"5";"BR-319";"433.1";"C";"Baixa";"Média";"Regular";"Bom";"0";"Regular";"Ruim";"433.1";"434";"1";"Não pavimentada";"2025-05-30";"66,25";"66.25"
"AM";"""01 00673/2021""";"2025";"11";"BR-319";"433.1";"D";"ND";"ND";"ND";"ND";"0";"ND";"Bom";"434";"433.1";"1";"Não pavimentada";"2025-11-17";"2,5";"2.5"
"AM";"""01 00673/2021""";"2025";"11";"BR-319";"434";"D";"ND";"ND";"ND";"ND";"0";"ND";"Bom";"435";"434";"1";"Não pavimentada";"2025-11-17";"2,5";"2.5"
"AM";"""01 00673/2021""";"2025";"11";"BR-319";"435";"D";"ND";"ND";"ND";"ND";"0";"ND";"Bom";"436";"435";"1";"Não pavimentada";"2025-11-17";"2,5";"2.5"
"AM";"""01 00673/2021""";"2025";"11";"BR-319";"436";"D";"ND";"ND";"ND";"ND";"0";"ND";"Bom";"437";"436";"1";"Não pavimentada";"2025-11-17";"2,5";"2.5"
"AM";"""01 00673/2021""";"2025";"11";"BR-319";"437";"D";"ND";"ND";"ND";"ND";"0";"ND";"Bom";"438";"437";"1";"Não pavimentada";"2025-11-17";"2,5";"2.5"
"AM";"""01 00673/2021""";"2025";"11";"BR-319";"438";"D";"ND";"ND";"ND";"ND";"0";"ND";"Bom";"439";"438";"1";"Não pavimentada";"2025-11-17";"2,5";"2.5"
"AM";"""01 00673/2021""";"2025";"11";"BR-319";"439";"D";"ND";"ND";"ND";"ND";"0";"ND";"Bom";"440";"439";"1";"Não pavimentada";"2025-11-17";"2,5";"2.5"
"AM";"""01 00673/2021""";"2025";"11";"BR-319";"440";"D";"ND";"ND";"ND";"ND";"0";"ND";"Bom";"441";"440";"1";"Não pavimentada";"2025-11-17";"2,5";"2.5"
"AM";"""01 00673/2021""";"2025";"11";"BR-319";"441";"D";"ND";"ND";"ND";"ND";"0";"ND";"Bom";"442";"441";"1";"Não pavimentada";"2025-11-17";"2,5";"2.5"
"AM";"""01 00673/2021""";"2025";"11";"BR-319";"442";"D";"ND";"ND";"ND";"ND";"0";"ND";"Bom";"443";"442";"1";"Não pavimentada";"2025-11-17";"2,5";"2.5"
"AM";"""01 00673/2021""";"2025";"11";"BR-319";"443";"D";"ND";"ND";"ND";"ND";"0";"ND";"Bom";"444";"443";"1";"Não pavimentada";"2025-11-17";"2,5";"2.5"
"AM";"""01 00673/2021""";"2025";"11";"BR-319";"444";"D";"ND";"ND";"ND";"ND";"0";"ND";"Bom";"445";"444";"1";"Não pavimentada";"2025-11-17";"2,5";"2.5"
"AM";"""01 00673/2021""";"2025";"11";"BR-319";"445";"D";"ND";"ND";"ND";"ND";"0";"ND";"Bom";"446";"445";"1";"Não pavimentada";"2025-11-17";"2,5";"2.5"
"AM";"""01 00673/2021""";"2025";"11";"BR-319";"446";"D";"ND";"ND";"ND";"ND";"0";"ND";"Bom";"447";"446";"1";"Não pavimentada";"2025-11-17";"2,5";"2.5"
"AM";"""01 00673/2021""";"2025";"11";"BR-319";"447";"D";"ND";"ND";"ND";"ND";"0";"ND";"Bom";"448";"447";"1";"Não pavimentada";"2025-11-17";"2,5";"2.5"
"AM";"""01 00673/2021""";"2025";"11";"BR-319";"448";"D";"ND";"ND";"ND";"ND";"0";"ND";"Bom";"449";"448";"1";"Não pavimentada";"2025-11-17";"2,5";"2.5"
"AM";"""01 00673/2021""";"2025";"11";"BR-319";"449";"D";"ND";"ND";"ND";"ND";"0";"ND";"Bom";"450";"449";"1";"Não pavimentada";"2025-11-17";"2,5";"2.5"
"AM";"""01 00673/2021""";"2025";"11";"BR-319";"450";"D";"ND";"ND";"ND";"ND";"0";"ND";"Bom";"451";"450";"1";"Não pavimentada";"2025-11-17";"2,5";"2.5"
"AM";"""01 00673/2021""";"2025";"11";"BR-319";"451";"D";"ND";"ND";"ND";"ND";"0";"ND";"Bom";"452";"451";"1";"Não pavimentada";"2025-11-17";"2,5";"2.5"
"AM";"""01 00673/2021""";"2025";"11";"BR-319";"452";"D";"ND";"ND";"ND";"ND";"0";"ND";"Bom";"453";"452";"1";"Não pavimentada";"2025-11-17";"2,5";"2.5"
"AM";"""01 00673/2021""";"2025";"11";"BR-319";"453";"D";"ND";"ND";"ND";"ND";"0";"ND";"Bom";"454";"453";"1";"Não pavimentada";"2025-11-17";"2,5";"2.5"
"AM";"""01 00673/2021""";"2025";"11";"BR-319";"454";"D";"ND";"ND";"ND";"ND";"0";"ND";"Bom";"455";"454";"1";"Não pavimentada";"2025-11-17";"2,5";"2.5"
"AM";"""01 00673/2021""";"2025";"11";"BR-319";"455";"D";"ND";"ND";"ND";"ND";"0";"ND";"Bom";"456";"455";"1";"Não pavimentada";"2025-11-17";"2,5";"2.5"
"AM";"""01 00673/2021""";"2025";"11";"BR-319";"456";"D";"ND";"ND";"ND";"ND";"0";"ND";"Bom";"457";"456";"1";"Não pavimentada";"2025-11-17";"2,5";"2.5"
"AM";"""01 00673/2021""";"2025";"11";"BR-319";"457";"D";"ND";"ND";"ND";"ND";"0";"ND";"Bom";"458";"457";"1";"Não pavimentada";"2025-11-17";"2,5";"2.5"
"AM";"""01 00673/2021""";"2025";"11";"BR-319";"458";"D";"ND";"ND";"ND";"ND";"0";"ND";"Bom";"459";"458";"1";"Não pavimentada";"2025-11-17";"2,5";"2.5"
"AM";"""01 00673/2021""";"2025";"11";"BR-319";"459";"D";"ND";"ND";"ND";"ND";"0";"ND";"Bom";"460";"459";"1";"Não pavimentada";"2025-11-17";"2,5";"2.5"
"AM";"""01 00673/2021""";"2025";"11";"BR-319";"460";"D";"ND";"ND";"ND";"ND";"0";"ND";"Bom";"461";"460";"1";"Não pavimentada";"2025-11-17";"2,5";"2.5"
"AM";"""01 00673/2021""";"2025";"11";"BR-319";"461";"D";"ND";"ND";"ND";"ND";"0";"ND";"Bom";"462";"461";"1";"Não pavimentada";"2025-11-17";"2,5";"2.5"
"AM";"""01 00673/2021""";"2025";"11";"BR-319";"462";"D";"ND";"ND";"ND";"ND";"0";"ND";"Bom";"463";"462";"1";"Não pavimentada";"2025-11-17";"2,5";"2.5"
"AM";"""01 00673/2021""";"2025";"11";"BR-319";"463";"D";"ND";"ND";"ND";"ND";"0";"ND";"Bom";"464";"463";"1";"Não pavimentada";"2025-11-17";"2,5";"2.5"
"AM";"""01 00673/2021""";"2025";"11";"BR-319";"464";"D";"ND";"ND";"ND";"ND";"0";"ND";"Bom";"465";"464";"1";"Não pavimentada";"2025-11-17";"2,5";"2.5"
"AM";"""01 00673/2021""";"2025";"11";"BR-319";"465";"D";"ND";"ND";"ND";"ND";"0";"ND";"Bom";"466";"465";"1";"Não pavimentada";"2025-11-17";"2,5";"2.5"
"AM";"""01 00673/2021""";"2025";"11";"BR-319";"466";"D";"ND";"ND";"ND";"ND";"0";"ND";"Bom";"467";"466";"1";"Não pavimentada";"2025-11-17";"2,5";"2.5"
"AM";"""01 00673/2021""";"2025";"11";"BR-319";"467";"D";"ND";"ND";"ND";"ND";"0";"ND";"Bom";"468";"467";"1";"Não pavimentada";"2025-11-17";"2,5";"2.5"
"AM";"""01 00673/2021""";"2025";"11";"BR-319";"468";"D";"ND";"ND";"ND";"ND";"0";"ND";"Bom";"469";"468";"1";"Não pavimentada";"2025-11-17";"2,5";"2.5"
"AM";"""01 00673/2021""";"2025";"11";"BR-319";"469";"D";"ND";"ND";"ND";"ND";"0";"ND";"Bom";"470";"469";"1";"Não pavimentada";"2025-11-17";"2,5";"2.5"
"AM";"""01 00673/2021""";"2025";"11";"BR-319";"470";"D";"ND";"ND";"ND";"ND";"0";"ND";"Bom";"471";"470";"1";"Não pavimentada";"2025-11-17";"2,5";"2.5"
"AM";"""01 00673/2021""";"2025";"11";"BR-319";"471";"D";"ND";"ND";"ND";"ND";"0";"ND";"Bom";"472";"471";"1";"Não pavimentada";"2025-11-17";"2,5";"2.5"
"AM";"""01 00673/2021""";"2025";"11";"BR-319";"472";"D";"ND";"Baixa";"ND";"ND";"0";"ND";"Bom";"473";"472";"1";"Não pavimentada";"2025-11-17";"17,5";"17.5"
"AM";"""01 00673/2021""";"2025";"11";"BR-319";"473";"D";"ND";"ND";"ND";"ND";"0";"ND";"Bom";"474";"473";"1";"Não pavimentada";"2025-11-17";"2,5";"2.5"
"AM";"""01 00673/2021""";"2025";"11";"BR-319";"474";"D";"ND";"ND";"ND";"ND";"0";"ND";"Bom";"475";"474";"1";"Não pavimentada";"2025-11-17";"2,5";"2.5"
"AM";"""01 00673/2021""";"2025";"11";"BR-319";"475";"D";"ND";"ND";"ND";"ND";"0";"ND";"Bom";"476";"475";"1";"Não pavimentada";"2025-11-17";"2,5";"2.5"
"AM";"""01 00673/2021""";"2025";"11";"BR-319";"476";"D";"ND";"ND";"ND";"ND";"0";"ND";"Bom";"477";"476";"1";"Não pavimentada";"2025-11-17";"2,5";"2.5"
"AM";"""01 00673/2021""";"2025";"11";"BR-319";"477";"D";"ND";"Baixa";"ND";"ND";"0";"ND";"Bom";"478";"477";"1";"Não pavimentada";"2025-11-17";"17,5";"17.5"
"AM";"""01 00673/2021""";"2025";"11";"BR-319";"478";"D";"ND";"Baixa";"ND";"ND";"0";"ND";"Bom";"479";"478";"1";"Não pavimentada";"2025-11-17";"17,5";"17.5"
"AM";"""01 00673/2021""";"2025";"11";"BR-319";"479";"D";"ND";"ND";"ND";"ND";"0";"ND";"Bom";"480";"479";"1";"Não pavimentada";"2025-11-17";"2,5";"2.5"
"AM";"""01 00673/2021""";"2025";"11";"BR-319";"480";"D";"Baixa";"Alta";"ND";"ND";"0";"ND";"Bom";"481";"480";"1";"Não pavimentada";"2025-11-17";"45";"45"
"AM";"""01 00673/2021""";"2025";"11";"BR-319";"481";"D";"ND";"ND";"ND";"ND";"0";"ND";"Bom";"482";"481";"1";"Não pavimentada";"2025-11-17";"2,5";"2.5"
"AM";"""01 00673/2021""";"2025";"11";"BR-319";"482";"D";"ND";"ND";"ND";"ND";"0";"ND";"Bom";"483";"482";"1";"Não pavimentada";"2025-11-17";"2,5";"2.5"
"AM";"""01 00673/2021""";"2025";"11";"BR-319";"483";"D";"ND";"ND";"ND";"ND";"0";"ND";"Bom";"484";"483";"1";"Não pavimentada";"2025-11-17";"2,5";"2.5"
"AM";"""01 00673/2021""";"2025";"11";"BR-319";"484";"D";"ND";"ND";"ND";"ND";"0";"ND";"Bom";"485";"484";"1";"Não pavimentada";"2025-11-17";"2,5";"2.5"
"AM";"""01 00673/2021""";"2025";"11";"BR-319";"485";"D";"ND";"ND";"ND";"ND";"0";"ND";"Bom";"486";"485";"1";"Não pavimentada";"2025-11-17";"2,5";"2.5"
"AM";"""01 00673/2021""";"2025";"11";"BR-319";"486";"D";"Baixa";"ND";"ND";"ND";"0";"ND";"Bom";"487";"486";"1";"Não pavimentada";"2025-11-17";"15";"15"
"AM";"""01 00673/2021""";"2025";"11";"BR-319";"487";"D";"Baixa";"ND";"ND";"ND";"0";"ND";"Bom";"488";"487";"1";"Não pavimentada";"2025-11-17";"15";"15"
"AM";"""01 00673/2021""";"2025";"11";"BR-319";"488";"D";"Média";"ND";"ND";"ND";"0";"ND";"Bom";"489";"488";"1";"Não pavimentada";"2025-11-17";"21,25";"21.25"
"AM";"""01 00673/2021""";"2025";"11";"BR-319";"489";"D";"ND";"Média";"Bom";"ND";"0";"ND";"Bom";"490";"489";"1";"Não pavimentada";"2025-11-17";"32,5";"32.5"
"AM";"""01 00673/2021""";"2025";"11";"BR-319";"490";"D";"Baixa";"Média";"ND";"ND";"0";"ND";"Bom";"491";"490";"1";"Não pavimentada";"2025-11-17";"37,5";"37.5"
"AM";"""01 00673/2021""";"2025";"11";"BR-319";"491";"D";"Média";"ND";"ND";"ND";"0";"ND";"Bom";"492";"491";"1";"Não pavimentada";"2025-11-17";"21,25";"21.25"
"AM";"""01 00673/2021""";"2025";"11";"BR-319";"492";"D";"Média";"Média";"ND";"ND";"0";"ND";"Bom";"493";"492";"1";"Não pavimentada";"2025-11-17";"43,75";"43.75"
"AM";"""01 00673/2021""";"2025";"11";"BR-319";"493";"D";"Média";"Baixa";"ND";"ND";"0";"ND";"Bom";"494";"493";"1";"Não pavimentada";"2025-11-17";"36,25";"36.25"
"AM";"""01 00673/2021""";"2025";"11";"BR-319";"494";"D";"Média";"Baixa";"ND";"ND";"0";"ND";"Bom";"495";"494";"1";"Não pavimentada";"2025-11-17";"36,25";"36.25"
"AM";"""01 00673/2021""";"2025";"11";"BR-319";"495";"D";"Média";"Média";"ND";"ND";"0";"ND";"Bom";"496";"495";"1";"Não pavimentada";"2025-11-17";"43,75";"43.75"
